bgrp,IWDP_Pop,BWDP_Pop,IWDP_Pct,BWDP_Pct
420030103001,1241,1353,47.8400001526,52.1599998474
420030103002,60,3276,1.79999995232,98.1999969482
420030103003,337,16,95.4700012207,4.53000020981
420030103004,316,1,99.6800003052,0.319999992847
420030201001,1435,0,100.0,0.0
420030201002,936,0,100.0,0.0
420030201003,28,0,100.0,0.0
420030201004,635,163,79.5699996948,20.4300003052
420030201005,8,1,88.8899993896,11.1099996567
420030201006,235,188,55.5600013733,44.4399986267
420030203001,190,426,30.8400001526,69.1600036621
420030305001,1375,20,98.5699996948,1.42999994755
420030305002,830,20,97.6500015259,2.34999990463
420030402001,736,67,91.6600036621,8.34000015259
420030402002,1407,363,79.4899978638,20.5100002289
420030404001,291,345,45.75,54.25
420030404002,295,1557,15.9300003052,84.0699996948
420030405001,1897,7,99.6299972534,0.370000004768
420030405002,1563,227,87.3199996948,12.6800003052
420030406001,2380,12,99.5,0.5
420030409001,1059,48,95.6600036621,4.34000015259
420030409002,1138,2,99.8199996948,0.180000007153
420030409003,704,5,99.2900009155,0.709999978542
420030501001,558,6,98.9400024414,1.05999994278
420030501002,309,107,74.2799987793,25.7199993134
420030501003,727,0,100.0,0.0
420030506001,828,97,89.5100021362,10.4899997711
420030506002,483,0,100.0,0.0
420030506003,530,44,92.3300018311,7.67000007629
420030509001,1150,52,95.6699981689,4.32999992371
420030510001,619,315,66.2699966431,33.7299995422
420030510002,398,774,33.9599990845,66.0400009155
420030511001,1070,52,95.3700027466,4.63000011444
420030603001,1083,31,97.2200012207,2.77999997139
420030603002,1227,0,100.0,0.0
420030605001,648,20,97.0100021362,2.99000000954
420030605002,101,505,16.6700000763,83.3300018311
420030703001,693,0,100.0,0.0
420030703002,673,105,86.5,13.5
420030703003,337,389,46.4199981689,53.5800018311
420030705001,439,818,34.9199981689,65.0800018311
420030705002,724,0,100.0,0.0
420030705003,706,310,69.4899978638,30.5100002289
420030706001,600,321,65.1500015259,34.8499984741
420030706002,613,548,52.7999992371,47.2000007629
420030708001,121,604,16.6900005341,83.3099975586
420030708002,941,39,96.0199966431,3.98000001907
420030709001,1544,218,87.6299972534,12.3699998856
420030709002,0,787,0.0,100.0
420030709003,0,892,0.0,100.0
420030709004,306,1187,20.5,79.5
420030802001,912,137,86.9400024414,13.0600004196
420030802002,628,2,99.6800003052,0.319999992847
420030804001,658,9,98.6500015259,1.35000002384
420030804002,213,489,30.3400001526,69.6600036621
420030806001,1184,129,90.1800003052,9.81999969482
420030806002,685,0,100.0,0.0
420030807001,839,0,100.0,0.0
420030807002,937,9,99.0500030518,0.949999988079
420030809001,995,0,100.0,0.0
420030809002,739,33,95.7300033569,4.26999998093
420030901001,1295,13,99.0100021362,0.990000009537
420030901002,519,16,97.0100021362,2.99000000954
420030902001,872,0,100.0,0.0
420030902002,1021,41,96.1399993896,3.8599998951
420030902003,701,0,100.0,0.0
420030903001,1053,28,97.4100036621,2.58999991417
420030903002,548,0,100.0,0.0
420031005001,33,791,4.0,96.0
420031005002,0,1255,0.0,100.0
420031011001,1339,0,100.0,0.0
420031011002,641,0,100.0,0.0
420031011003,611,78,88.6800003052,11.3199996948
420031014001,0,1091,0.0,100.0
420031014002,24,646,3.57999992371,96.4199981689
420031014003,0,822,0.0,100.0
420031014004,0,730,0.0,100.0
420031016001,508,349,59.2799987793,40.7200012207
420031017001,607,0,100.0,0.0
420031017002,855,3,99.6500015259,0.34999999404
420031018001,661,345,65.7099990845,34.2900009155
420031018002,708,808,46.7000007629,53.2999992371
420031102001,808,0,100.0,0.0
420031102002,491,245,66.7099990845,33.2900009155
420031102003,10,1187,0.839999973774,99.1600036621
420031102004,10,1220,0.810000002384,99.1900024414
420031106001,931,38,96.0800018311,3.92000007629
420031106002,709,7,99.0199966431,0.980000019073
420031106003,582,139,80.7200012207,19.2800006866
420031113001,124,633,16.3799991608,83.6200027466
420031113002,67,557,10.7399997711,89.2600021362
420031113003,395,184,68.2200012207,31.7800006866
420031113004,601,78,88.5100021362,11.4899997711
420031114001,501,74,87.1299972534,12.8699998856
420031114002,778,0,100.0,0.0
420031115001,757,0,100.0,0.0
420031115002,1529,9,99.4100036621,0.589999973774
420031115003,169,1,99.4100036621,0.589999973774
420031115004,750,15,98.0400009155,1.96000003815
420031203001,768,184,80.6699981689,19.3299999237
420031203002,509,189,72.9199981689,27.0799999237
420031204001,363,180,66.8499984741,33.1500015259
420031204002,323,3,99.0800018311,0.920000016689
420031207001,233,227,50.6500015259,49.3499984741
420031207002,358,0,100.0,0.0
420031208001,354,1,99.7200012207,0.280000001192
420031208002,239,265,47.4199981689,52.5800018311
420031301001,582,239,70.8899993896,29.1100006104
420031301002,329,217,60.2599983215,39.7400016785
420031301003,146,397,26.8899993896,73.1100006104
420031302001,647,15,97.7300033569,2.26999998093
420031302002,118,590,16.6700000763,83.3300018311
420031303001,361,0,100.0,0.0
420031303002,245,41,85.6600036621,14.3400001526
420031303003,506,0,100.0,0.0
420031304001,399,0,100.0,0.0
420031304002,259,223,53.7299995422,46.2700004578
420031304003,304,6,98.0599975586,1.94000005722
420031306001,460,117,79.7200012207,20.2800006866
420031306002,317,327,49.2200012207,50.7799987793
420031306003,1712,234,87.9800033569,12.0200004578
420031401001,213,1067,16.6399993896,83.3600006104
420031401002,946,951,49.8699989319,50.1300010681
420031401003,300,227,56.9300003052,43.0699996948
420031401004,3,1769,0.170000001788,99.8300018311
420031402001,515,394,56.6599998474,43.3400001526
420031402002,618,920,40.1800003052,59.8199996948
420031403001,790,0,100.0,0.0
420031403002,386,620,38.3699989319,61.6300010681
420031403003,366,546,40.1300010681,59.8699989319
420031403004,699,33,95.4899978638,4.51000022888
420031404001,626,81,88.5400009155,11.4600000381
420031404002,509,135,79.0400009155,20.9599990845
420031404003,817,138,85.5500030518,14.4499998093
420031405001,682,129,84.0899963379,15.9099998474
420031405002,521,0,100.0,0.0
420031405003,722,0,100.0,0.0
420031406001,1212,49,96.1100006104,3.8900001049
420031406002,631,139,81.9499969482,18.0499992371
420031406003,969,0,100.0,0.0
420031408001,1649,280,85.4800033569,14.5200004578
420031408002,884,897,49.6399993896,50.3600006104
420031408003,844,0,100.0,0.0
420031410001,914,14,98.4899978638,1.50999999046
420031411001,912,449,67.0100021362,32.9900016785
420031413001,870,646,57.3899993896,42.6100006104
420031413002,1422,145,90.75,9.25
420031413003,1720,374,82.1399993896,17.8600006104
420031414001,601,401,59.9799995422,40.0200004578
420031414002,454,229,66.4700012207,33.5299987793
420031414003,947,34,96.5299987793,3.47000002861
420031414004,201,1499,11.8199996948,88.1800003052
420031414005,525,441,54.3499984741,45.6500015259
420031516001,964,176,84.5599975586,15.4399995804
420031516002,609,100,85.9000015259,14.1000003815
420031516003,483,31,93.9700012207,6.03000020981
420031517001,549,383,58.9099998474,41.0900001526
420031517002,486,149,76.5400009155,23.4599990845
420031517003,572,171,76.9899978638,23.0100002289
420031517004,306,312,49.5099983215,50.4900016785
420031517005,771,134,85.1900024414,14.8100004196
420031517006,677,421,61.6599998474,38.3400001526
420031608001,476,0,100.0,0.0
420031608002,446,173,72.0500030518,27.9500007629
420031608003,702,0,100.0,0.0
420031608004,731,3,99.5899963379,0.409999996424
420031609001,646,313,67.3600006104,32.6399993896
420031609002,1479,434,77.3099975586,22.6900005341
420031702001,582,47,92.5299987793,7.46999979019
420031702002,797,11,98.6399993896,1.36000001431
420031702003,1239,0,100.0,0.0
420031702004,1049,0,100.0,0.0
420031706001,321,5,98.4700012207,1.52999997139
420031706002,688,0,100.0,0.0
420031706003,484,135,78.1900024414,21.8099994659
420031803001,1074,20,98.1699981689,1.83000004292
420031803002,436,230,65.4700012207,34.5299987793
420031803003,91,645,12.3599996567,87.6399993896
420031807001,620,0,100.0,0.0
420031807002,689,0,100.0,0.0
420031807003,702,0,100.0,0.0
420031903001,1141,89,92.7600021362,7.23999977112
420031903002,712,0,100.0,0.0
420031911001,911,42,95.5899963379,4.40999984741
420031911002,1228,224,84.5699996948,15.4300003052
420031914001,1311,45,96.6800003052,3.31999993324
420031914002,1225,158,88.5800018311,11.4200000763
420031915001,133,543,19.6700000763,80.3300018311
420031915002,301,1066,22.0200004578,77.9800033569
420031916001,511,308,62.3899993896,37.6100006104
420031916002,714,70,91.0699996948,8.93000030518
420031916003,672,48,93.3300018311,6.67000007629
420031916004,554,323,63.1699981689,36.8300018311
420031916005,726,369,66.3000030518,33.7000007629
420031917001,816,1288,38.7799987793,61.2200012207
420031917002,33,540,5.76000022888,94.2399978638
420031917003,382,389,49.5499992371,50.4500007629
420031918001,598,69,89.6600036621,10.3400001526
420031918002,450,236,65.5999984741,34.4000015259
420031918003,631,76,89.25,10.75
420031918004,555,198,73.7099990845,26.2900009155
420031918005,84,605,12.1899995804,87.8099975586
420031918006,474,490,49.1699981689,50.8300018311
420031918007,815,41,95.2099990845,4.78999996185
420031919001,198,568,25.8500003815,74.1500015259
420031919002,600,227,72.5500030518,27.4500007629
420031919003,34,556,5.76000022888,94.2399978638
420031920001,312,421,42.5600013733,57.4399986267
420031920002,488,180,73.0500030518,26.9500007629
420031920003,600,123,82.9899978638,17.0100002289
420031920004,721,170,80.9199981689,19.0799999237
420031920005,469,195,70.6299972534,29.3700008392
420032022001,1056,279,79.0999984741,20.8999996185
420032022002,584,0,100.0,0.0
420032022003,625,24,96.3000030518,3.70000004768
420032023001,140,652,17.6800003052,82.3199996948
420032023002,468,574,44.9099998474,55.0900001526
420032023003,375,587,38.9799995422,61.0200004578
420032023004,251,1097,18.6200008392,81.3799972534
420032107001,1336,0,100.0,0.0
420032107002,793,1,99.8700027466,0.129999995232
420032206001,1362,0,100.0,0.0
420032206002,468,0,100.0,0.0
420032406001,980,546,64.2200012207,35.7799987793
420032406002,1152,36,96.9700012207,3.02999997139
420032412001,282,91,75.5999984741,24.3999996185
420032412002,477,33,93.5299987793,6.46999979019
420032503001,1090,0,100.0,0.0
420032507001,499,254,66.2699966431,33.7299995422
420032509001,651,49,93.0,7.0
420032509002,439,126,77.6999969482,22.2999992371
420032602001,268,416,39.1800003052,60.8199996948
420032602002,728,295,71.1600036621,28.8400001526
420032602003,332,239,58.1399993896,41.8600006104
420032607001,537,208,72.0800018311,27.9200000763
420032607002,995,2,99.8000030518,0.20000000298
420032609001,963,251,79.3199996948,20.6800003052
420032612001,16,1035,1.51999998093,98.4800033569
420032614001,401,261,60.5699996948,39.4300003052
420032614002,206,314,39.6199989319,60.3800010681
420032614003,557,63,89.8399963379,10.1599998474
420032614004,454,183,71.2699966431,28.7299995422
420032615001,751,51,93.6399993896,6.36000013351
420032615002,645,216,74.9100036621,25.0900001526
420032620001,806,404,66.6100006104,33.3899993896
420032620002,486,260,65.1500015259,34.8499984741
420032620003,557,127,81.4300003052,18.5699996948
420032701001,1503,18,98.8199996948,1.17999994755
420032701002,1000,128,88.6500015259,11.3500003815
420032703001,772,382,66.9000015259,33.0999984741
420032703002,81,712,10.2100000381,89.7900009155
420032704001,659,420,61.0800018311,38.9199981689
420032708001,469,309,60.2799987793,39.7200012207
420032708002,964,28,97.1800003052,2.81999993324
420032708003,828,53,93.9800033569,6.01999998093
420032715001,744,65,91.9700012207,8.02999973297
420032715002,1240,24,98.0999984741,1.89999997616
420032715003,945,149,86.3799972534,13.6199998856
420032814001,46,774,5.61000013351,94.3899993896
420032814002,203,1324,13.2899999619,86.7099990845
420032815001,241,262,47.9099998474,52.0900001526
420032815002,938,21,97.8099975586,2.19000005722
420032901001,122,537,18.5100002289,81.4899978638
420032901002,742,2,99.7300033569,0.270000010729
420032901003,620,97,86.4700012207,13.529999733
420032902001,524,378,58.0900001526,41.9099998474
420032902002,330,492,40.1500015259,59.8499984741
420032902003,392,254,60.6800003052,39.3199996948
420032902004,696,3,99.5699996948,0.430000007153
420032902005,756,119,86.4000015259,13.6000003815
420032904001,579,0,100.0,0.0
420032904002,139,1118,11.0600004196,88.9400024414
420032904003,193,513,27.3400001526,72.6600036621
420032904004,7,861,0.810000002384,99.1900024414
420032904005,0,639,0.0,100.0
420033001001,0,403,0.0,100.0
420033001002,0,504,0.0,100.0
420033001003,0,813,0.0,100.0
420033001004,0,720,0.0,100.0
420033001005,56,583,8.76000022888,91.2399978638
420033001006,80,588,11.9799995422,88.0199966431
420033102001,0,662,0.0,100.0
420033102002,291,364,44.4300003052,55.5699996948
420033102003,508,37,93.2099990845,6.78999996185
420033102004,151,569,20.9699993134,79.0299987793
420033102005,557,88,86.3600006104,13.6400003433
420033103001,187,800,18.9500007629,81.0500030518
420033204001,0,754,0.0,100.0
420033204002,603,61,90.8099975586,9.18999958038
420033204003,514,62,89.2399978638,10.7600002289
420033206001,594,564,51.2999992371,48.7000007629
420033206002,539,564,48.8699989319,51.1300010681
420033207001,734,403,64.5599975586,35.4399986267
420033207002,8,505,1.55999994278,98.4400024414
420034011001,108,1317,7.57999992371,92.4199981689
420034011002,190,1008,15.8599996567,84.1399993896
420034011003,367,464,44.1599998474,55.8400001526
420034011004,0,993,0.0,100.0
420034012001,480,77,86.1800003052,13.8199996948
420034012002,348,750,31.6900005341,68.3099975586
420034012003,458,408,52.8899993896,47.1100006104
420034012004,0,751,0.0,100.0
420034013001,150,1155,11.4899997711,88.5100021362
420034013002,0,603,0.0,100.0
420034013003,0,834,0.0,100.0
420034020001,0,625,0.0,100.0
420034020002,6,604,0.980000019073,99.0199966431
420034020003,69,1061,6.11000013351,93.8899993896
420034020004,822,73,91.8399963379,8.15999984741
420034035001,0,894,0.0,100.0
420034035002,0,759,0.0,100.0
420034035003,511,701,42.1599998474,57.8400001526
420034035004,916,4,99.5699996948,0.430000007153
420034035005,0,745,0.0,100.0
420034040001,317,1183,21.1299991608,78.8700027466
420034050002,7,466,1.48000001907,98.5199966431
420034070012,0,1290,0.0,100.0
420034070013,11,1654,0.660000026226,99.3399963379
420034070014,25,1494,1.64999997616,98.3499984741
420034070021,21,1366,1.50999999046,98.4899978638
420034070022,0,1582,0.0,100.0
420034070023,270,561,32.4900016785,67.5100021362
420034070024,0,2797,0.0,100.0
420034080011,127,1059,10.7100000381,89.2900009155
420034080012,96,2029,4.51999998093,95.4800033569
420034080013,0,1458,0.0,100.0
420034080021,0,3812,0.0,100.0
420034080022,0,2519,0.0,100.0
420034090001,77,3664,2.05999994278,97.9400024414
420034090002,135,2104,6.03000020981,93.9700012207
420034090003,128,3092,3.98000001907,96.0199966431
420034090004,0,2297,0.0,100.0
420034100001,0,1171,0.0,100.0
420034110001,68,1023,6.23000001907,93.7699966431
420034110002,0,2626,0.0,100.0
420034110003,12,3186,0.379999995232,99.6200027466
420034120011,0,2668,0.0,100.0
420034120012,29,1767,1.61000001431,98.3899993896
420034120013,0,1708,0.0,100.0
420034120014,0,2433,0.0,100.0
420034120021,159,2770,5.42999982834,94.5699996948
420034120022,580,1356,29.9599990845,70.0400009155
420034131001,249,1038,19.3500003815,80.6500015259
420034131002,33,1964,1.64999997616,98.3499984741
420034131003,164,1264,11.4799995422,88.5199966431
420034131004,33,1864,1.74000000954,98.2600021362
420034132011,0,788,0.0,100.0
420034132012,0,1316,0.0,100.0
420034132013,0,1633,0.0,100.0
420034132021,122,970,11.1700000763,88.8300018311
420034132022,35,1739,1.97000002861,98.0299987793
420034133001,0,1683,0.0,100.0
420034133002,76,2291,3.21000003815,96.7900009155
420034133003,3,689,0.430000007153,99.5699996948
420034134001,0,1548,0.0,100.0
420034134002,0,1199,0.0,100.0
420034134003,0,1592,0.0,100.0
420034135001,154,718,17.6599998474,82.3399963379
420034135002,93,2024,4.38999986649,95.6100006104
420034135003,80,1294,5.82000017166,94.1800003052
420034135004,227,1574,12.6000003815,87.4000015259
420034141011,0,2136,0.0,100.0
420034141012,224,987,18.5,81.5
420034141013,8,817,0.97000002861,99.0299987793
420034141014,0,1186,0.0,100.0
420034141021,0,2647,0.0,100.0
420034141022,0,2489,0.0,100.0
420034141023,159,1745,8.35000038147,91.6500015259
420034142001,223,2999,6.92000007629,93.0800018311
420034142002,0,971,0.0,100.0
420034142003,38,1734,2.1400001049,97.8600006104
420034150011,203,907,18.2900009155,81.7099990845
420034150012,188,1318,12.4799995422,87.5199966431
420034150013,414,1675,19.8199996948,80.1800003052
420034150021,148,1319,10.0900001526,89.9100036621
420034150022,219,859,20.3199996948,79.6800003052
420034160001,553,339,62.0,38.0
420034160002,115,629,15.4600000381,84.5400009155
420034171001,525,303,63.4099998474,36.5900001526
420034171002,77,628,10.9200000763,89.0800018311
420034171003,35,577,5.71999979019,94.2799987793
420034172001,852,408,67.6200027466,32.3800010681
420034180001,294,1452,16.8400001526,83.1600036621
420034190001,201,904,18.1900005341,81.8099975586
420034190002,465,265,63.7000007629,36.2999992371
420034190003,320,766,29.4699993134,70.5299987793
420034200001,553,879,38.6199989319,61.3800010681
420034211001,0,1067,0.0,100.0
420034211002,300,545,35.5,64.5
420034211003,0,1546,0.0,100.0
420034211004,157,488,24.3400001526,75.6600036621
420034212001,460,1499,23.4799995422,76.5199966431
420034212002,218,869,20.0599994659,79.9400024414
420034212003,69,178,27.9400005341,72.0599975586
420034212004,36,967,3.58999991417,96.4100036621
420034220001,0,1752,0.0,100.0
420034220002,31,725,4.09999990463,95.9000015259
420034220003,41,1005,3.92000007629,96.0800018311
420034220004,146,1688,7.96000003815,92.0400009155
420034230001,917,41,95.7200012207,4.28000020981
420034230002,59,937,5.92000007629,94.0800018311
420034230003,847,0,100.0,0.0
420034240001,694,242,74.1500015259,25.8500003815
420034240002,336,328,50.5999984741,49.4000015259
420034240003,56,693,7.48000001907,92.5199966431
420034240004,0,1097,0.0,100.0
420034250001,2,549,0.360000014305,99.6399993896
420034250002,173,785,18.0599994659,81.9400024414
420034250003,0,1104,0.0,100.0
420034250004,64,765,7.71999979019,92.2799987793
420034263001,0,1579,0.0,100.0
420034263002,11,2073,0.52999997139,99.4700012207
420034263003,373,2001,15.7100000381,84.2900009155
420034264001,106,808,11.6000003815,88.4000015259
420034264002,17,1040,1.61000001431,98.3899993896
420034264003,621,447,58.1500015259,41.8499984741
420034264004,207,1335,13.4200000763,86.5800018311
420034267001,311,386,44.6199989319,55.3800010681
420034267002,192,1472,11.5399999619,88.4599990845
420034268001,0,1330,0.0,100.0
420034268002,0,2505,0.0,100.0
420034268003,46,1488,3.0,97.0
420034270001,38,1405,2.63000011444,97.3700027466
420034270002,0,838,0.0,100.0
420034270003,0,1463,0.0,100.0
420034271001,216,1498,12.6000003815,87.4000015259
420034271002,108,1681,6.03999996185,93.9599990845
420034271003,473,1534,23.5699996948,76.4300003052
420034272001,372,889,29.5,70.5
420034272002,327,870,27.3199996948,72.6800003052
420034272003,628,647,49.25,50.75
420034272004,641,525,54.9700012207,45.0299987793
420034281001,0,632,0.0,100.0
420034281002,81,513,13.6400003433,86.3600006104
420034282001,0,640,0.0,100.0
420034282002,24,1427,1.64999997616,98.3499984741
420034291001,199,928,17.6599998474,82.3399963379
420034291002,1,1379,0.070000000298,99.9300003052
420034292011,328,1562,17.3500003815,82.6500015259
420034292012,827,1593,34.1699981689,65.8300018311
420034292021,618,597,50.8600006104,49.1399993896
420034292022,449,897,33.3600006104,66.6399993896
420034292023,105,1699,5.82000017166,94.1800003052
420034293001,382,1581,19.4599990845,80.5400009155
420034293002,0,1413,0.0,100.0
420034293003,353,963,26.8199996948,73.1800003052
420034293004,334,618,35.0800018311,64.9199981689
420034294001,25,563,4.25,95.75
420034294002,966,722,57.2299995422,42.7700004578
420034294003,915,355,72.0500030518,27.9500007629
420034294004,61,658,8.47999954224,91.5199966431
420034295001,25,1841,1.34000003338,98.6600036621
420034295002,284,1408,16.7800006866,83.2200012207
420034295003,54,600,8.26000022888,91.7399978638
420034296001,698,1731,28.7399997711,71.2600021362
420034296002,819,180,81.9800033569,18.0200004578
420034297001,370,1109,25.0200004578,74.9800033569
420034297002,107,783,12.0200004578,87.9800033569
420034301001,0,730,0.0,100.0
420034301002,0,1374,0.0,100.0
420034302001,132,672,16.4200000763,83.5800018311
420034302002,55,1208,4.34999990463,95.6500015259
420034302003,688,334,67.3199996948,32.6800003052
420034302004,549,222,71.2099990845,28.7900009155
420034302005,125,682,15.4899997711,84.5100021362
420034311001,1342,332,80.1699981689,19.8299999237
420034311002,1379,327,80.8300018311,19.1700000763
420034314001,1076,826,56.5699996948,43.4300003052
420034315001,359,285,55.75,44.25
420034315002,838,4,99.5199966431,0.479999989271
420034315003,718,164,81.4100036621,18.5900001526
420034315004,187,533,25.9699993134,74.0299987793
420034323001,972,140,87.4100036621,12.5900001526
420034323002,986,23,97.7200012207,2.27999997139
420034324001,458,542,45.7999992371,54.2000007629
420034324002,810,0,100.0,0.0
420034324003,591,183,76.3600006104,23.6399993896
420034340001,282,604,31.8299999237,68.1699981689
420034340002,41,854,4.57999992371,95.4199981689
420034350001,246,1059,18.8500003815,81.1500015259
420034350002,193,951,16.8700008392,83.1299972534
420034370001,9,2539,0.34999999404,99.6500015259
420034370002,238,1971,10.7700004578,89.2300033569
420034390001,128,1260,9.22000026703,90.7799987793
420034455001,214,877,19.6200008392,80.3799972534
420034455002,864,768,52.9399986267,47.0600013733
420034455003,302,792,27.6100006104,72.3899993896
420034460001,380,500,43.1800003052,56.8199996948
420034460002,524,276,65.5,34.5
420034470001,710,924,43.4500007629,56.5499992371
420034480001,891,327,73.1500015259,26.8500003815
420034490001,76,2564,2.88000011444,97.1200027466
420034507001,3,1508,0.20000000298,99.8000030518
420034507002,0,1626,0.0,100.0
420034508001,0,1314,0.0,100.0
420034508002,0,519,0.0,100.0
420034508003,0,707,0.0,100.0
420034511011,0,2009,0.0,100.0
420034511012,0,1630,0.0,100.0
420034511021,847,1024,45.2700004578,54.7299995422
420034511022,152,799,15.9799995422,84.0199966431
420034511023,805,2000,28.7000007629,71.3000030518
420034511041,794,2144,27.0300006866,72.9700012207
420034511042,182,470,27.9099998474,72.0899963379
420034511051,0,1450,0.0,100.0
420034511052,0,908,0.0,100.0
420034511053,11,1827,0.600000023842,99.4000015259
420034513001,42,3424,1.21000003815,98.7900009155
420034513002,0,1341,0.0,100.0
420034513003,142,1299,9.85000038147,90.1500015259
420034513004,52,833,5.88000011444,94.1200027466
420034520002,867,877,49.7099990845,50.2900009155
420034520003,341,1219,21.8600006104,78.1399993896
420034530032,0,617,0.0,100.0
420034530041,0,1873,0.0,100.0
420034530042,0,1944,0.0,100.0
420034530043,0,2353,0.0,100.0
420034530044,0,785,0.0,100.0
420034550001,1165,294,79.8499984741,20.1499996185
420034560011,92,860,9.65999984741,90.3399963379
420034560012,155,2416,6.03000020981,93.9700012207
420034560031,83,804,9.35999965668,90.6399993896
420034560032,259,2683,8.80000019073,91.1999969482
420034560033,77,2195,3.3900001049,96.6100006104
420034560041,447,1279,25.8999996185,74.0999984741
420034560042,1067,1999,34.7999992371,65.1999969482
420034571001,99,664,12.9799995422,87.0199966431
420034571002,606,59,91.1299972534,8.86999988556
420034572001,117,474,19.7999992371,80.1999969482
420034572002,616,231,72.7300033569,27.2700004578
420034572003,874,504,63.4300003052,36.5699996948
420034572004,868,36,96.0199966431,3.98000001907
420034580001,484,150,76.3399963379,23.6599998474
420034580002,615,2791,18.0599994659,81.9400024414
420034580003,240,1500,13.7899999619,86.2099990845
420034580004,0,1300,0.0,100.0
420034591011,297,1411,17.3899993896,82.6100006104
420034591021,120,1963,5.76000022888,94.2399978638
420034591022,78,912,7.88000011444,92.1200027466
420034591023,29,2556,1.12000000477,98.8799972534
420034592011,0,1643,0.0,100.0
420034592012,126,1871,6.30999994278,93.6900024414
420034592013,44,1721,2.49000000954,97.5100021362
420034592014,5,578,0.860000014305,99.1399993896
420034592021,0,661,0.0,100.0
420034600011,196,2417,7.5,92.5
420034600012,0,1637,0.0,100.0
420034600021,168,473,26.2099990845,73.7900009155
420034600022,241,1754,12.0799999237,87.9199981689
420034600023,0,786,0.0,100.0
420034610001,357,727,32.9300003052,67.0699996948
420034621001,2,641,0.310000002384,99.6900024414
420034621002,0,600,0.0,100.0
420034621003,0,1378,0.0,100.0
420034626001,218,658,24.8899993896,75.1100006104
420034626002,0,861,0.0,100.0
420034626003,0,769,0.0,100.0
420034626004,308,882,25.8799991608,74.1200027466
420034639001,301,891,25.25,74.75
420034639002,509,219,69.9199981689,30.0799999237
420034639003,742,0,100.0,0.0
420034643001,670,627,51.6599998474,48.3400001526
420034643002,287,502,36.3800010681,63.6199989319
420034643003,492,173,73.9800033569,26.0200004578
420034643004,118,461,20.3799991608,79.6200027466
420034644001,231,216,51.6800003052,48.3199996948
420034644002,736,186,79.8300018311,20.1700000763
420034644003,452,629,41.8100013733,58.1899986267
420034644004,934,58,94.1500015259,5.84999990463
420034656001,900,95,90.4499969482,9.55000019073
420034656002,1330,45,96.7300033569,3.26999998093
420034658001,542,1003,35.0800018311,64.9199981689
420034658002,262,879,22.9599990845,77.0400009155
420034658003,586,306,65.6999969482,34.2999992371
420034687001,8,1055,0.75,99.25
420034687002,0,696,0.0,100.0
420034688001,10,611,1.61000001431,98.3899993896
420034688002,589,124,82.6100006104,17.3899993896
420034688003,908,330,73.3399963379,26.6599998474
420034689001,627,650,49.0999984741,50.9000015259
420034689002,181,752,19.3999996185,80.5999984741
420034689003,0,1431,0.0,100.0
420034690001,562,510,52.4300003052,47.5699996948
420034690002,904,1498,37.6399993896,62.3600006104
420034690003,325,633,33.9199981689,66.0800018311
420034703001,312,1309,19.25,80.75
420034703002,37,2275,1.60000002384,98.4000015259
420034704001,0,925,0.0,100.0
420034704002,10,718,1.37000000477,98.6299972534
420034704003,0,1410,0.0,100.0
420034705011,1498,1002,59.9199981689,40.0800018311
420034705012,7,1447,0.479999989271,99.5199966431
420034705021,239,1247,16.0799999237,83.9199981689
420034705022,3,1482,0.20000000298,99.8000030518
420034706001,265,1392,15.9899997711,84.0100021362
420034706002,2,724,0.280000001192,99.7200012207
420034706003,0,720,0.0,100.0
420034710001,1213,31,97.5100021362,2.49000000954
420034721001,513,963,34.7599983215,65.2399978638
420034721002,562,481,53.8800010681,46.1199989319
420034722001,723,196,78.6699981689,21.3299999237
420034722002,583,0,100.0,0.0
420034722003,724,1,99.8600006104,0.140000000596
420034723001,439,178,71.1500015259,28.8500003815
420034723002,815,16,98.0699996948,1.92999994755
420034723003,566,0,100.0,0.0
420034724001,488,546,47.2000007629,52.7999992371
420034724002,119,675,14.9899997711,85.0100021362
420034731001,558,847,39.7200012207,60.2799987793
420034731002,340,416,44.9700012207,55.0299987793
420034731003,795,116,87.2699966431,12.7299995422
420034731004,566,122,82.2699966431,17.7299995422
420034731005,974,0,100.0,0.0
420034732001,697,266,72.3799972534,27.6200008392
420034732002,696,318,68.6399993896,31.3600006104
420034732003,866,349,71.2799987793,28.7199993134
420034733001,760,453,62.6500015259,37.3499984741
420034733002,639,666,48.9700012207,51.0299987793
420034733003,31,1208,2.5,97.5
420034733004,0,1045,0.0,100.0
420034733005,13,687,1.86000001431,98.1399993896
420034734011,0,696,0.0,100.0
420034734012,54,546,9.0,91.0
420034734013,590,435,57.5600013733,42.4399986267
420034734014,29,1363,2.07999992371,97.9199981689
420034734021,90,976,8.43999958038,91.5599975586
420034734022,336,462,42.1100006104,57.8899993896
420034734023,846,957,46.9199981689,53.0800018311
420034735001,421,350,54.5999984741,45.4000015259
420034735002,413,456,47.5299987793,52.4700012207
420034735003,607,1433,29.75,70.25
420034736011,0,916,0.0,100.0
420034736012,3,1516,0.20000000298,99.8000030518
420034736013,816,798,50.5600013733,49.4399986267
420034736021,464,254,64.6200027466,35.3800010681
420034736022,384,1731,18.1599998474,81.8399963379
420034736023,1,691,0.140000000596,99.8600006104
420034736024,0,1075,0.0,100.0
420034741011,1005,1021,49.6100006104,50.3899993896
420034741012,126,1449,8.0,92.0
420034741021,38,2200,1.70000004768,98.3000030518
420034741022,728,719,50.3100013733,49.6899986267
420034742011,961,1639,36.9599990845,63.0400009155
420034742021,538,1693,24.1100006104,75.8899993896
420034742022,808,1770,31.3400001526,68.6600036621
420034742031,861,552,60.9300003052,39.0699996948
420034742032,145,560,20.5699996948,79.4300003052
420034742033,462,1954,19.1200008392,80.8799972534
420034751011,538,383,58.4099998474,41.5900001526
420034751012,390,459,45.9399986267,54.0600013733
420034751013,428,874,32.8699989319,67.1299972534
420034751014,380,1250,23.3099994659,76.6900024414
420034751021,260,1405,15.6199998856,84.3799972534
420034752001,279,652,29.9699993134,70.0299987793
420034752002,172,865,16.5900001526,83.4100036621
420034752003,282,1000,22.0,78.0
420034752004,494,1175,29.6000003815,70.4000015259
420034753011,66,695,8.67000007629,91.3300018311
420034753012,306,325,48.4900016785,51.5099983215
420034753013,393,1597,19.75,80.25
420034753014,400,643,38.3499984741,61.6500015259
420034753031,335,1396,19.3500003815,80.6500015259
420034753032,0,1201,0.0,100.0
420034753033,10,1122,0.879999995232,99.1200027466
420034753041,0,1141,0.0,100.0
420034753042,0,1855,0.0,100.0
420034753043,117,884,11.6899995804,88.3099975586
420034753044,480,1211,28.3899993896,71.6100006104
420034754011,161,1184,11.970000267,88.0299987793
420034754012,558,1123,33.1899986267,66.8099975586
420034754013,159,605,20.8099994659,79.1900024414
420034754021,239,1122,17.5599994659,82.4400024414
420034754022,45,1654,2.65000009537,97.3499984741
420034761001,259,340,43.2400016785,56.7599983215
420034761002,449,326,57.9399986267,42.0600013733
420034761003,38,830,4.38000011444,95.6200027466
420034761004,50,1296,3.71000003815,96.2900009155
420034761005,178,1268,12.3100004196,87.6900024414
420034762001,224,507,30.6399993896,69.3600006104
420034762002,102,1229,7.65999984741,92.3399963379
420034762003,659,561,54.0200004578,45.9799995422
420034771001,251,957,20.7800006866,79.2200012207
420034771002,0,958,0.0,100.0
420034771003,489,996,32.9300003052,67.0699996948
420034772001,24,750,3.09999990463,96.9000015259
420034772002,387,290,57.1599998474,42.8400001526
420034772003,144,716,16.7399997711,83.2600021362
420034772004,307,1522,16.7900009155,83.2099990845
420034773001,1066,34,96.9100036621,3.08999991417
420034773002,958,313,75.3700027466,24.6299991608
420034773003,427,699,37.9199981689,62.0800018311
420034773004,50,953,4.98999977112,95.0100021362
420034773005,911,742,55.1100006104,44.8899993896
420034781001,411,714,36.5299987793,63.4700012207
420034781002,515,226,69.5,30.5
420034781003,66,1090,5.71000003815,94.2900009155
420034781004,0,993,0.0,100.0
420034782001,0,1414,0.0,100.0
420034782002,1238,910,57.6399993896,42.3600006104
420034782003,197,1869,9.53999996185,90.4599990845
420034790001,111,729,13.2100000381,86.7900009155
420034790002,793,359,68.8399963379,31.1599998474
420034801011,0,734,0.0,100.0
420034801012,616,392,61.1100006104,38.8899993896
420034801013,542,440,55.1899986267,44.8100013733
420034801014,216,1897,10.220000267,89.7799987793
420034801021,0,1074,0.0,100.0
420034801022,0,1138,0.0,100.0
420034801023,138,757,15.4200000763,84.5800018311
420034802001,764,1219,38.5299987793,61.4700012207
420034802002,6,677,0.879999995232,99.1200027466
420034802003,0,762,0.0,100.0
420034803001,9,687,1.28999996185,98.7099990845
420034803002,0,1374,0.0,100.0
420034803003,0,554,0.0,100.0
420034803004,2,789,0.25,99.75
420034804001,181,1125,13.8599996567,86.1399993896
420034804002,230,815,22.0100002289,77.9899978638
420034804003,500,1058,32.0900001526,67.9100036621
420034804004,123,948,11.4799995422,88.5199966431
420034810001,214,601,26.2600002289,73.7399978638
420034810002,390,485,44.5699996948,55.4300003052
420034810003,885,110,88.9400024414,11.0600004196
420034810004,700,18,97.4899978638,2.50999999046
420034825001,521,1405,27.0499992371,72.9499969482
420034838001,170,616,21.6299991608,78.3700027466
420034838002,1259,64,95.1600036621,4.84000015259
420034838003,947,109,89.6800003052,10.3199996948
420034843001,505,1163,30.2800006866,69.7200012207
420034843002,93,454,17.0,83.0
420034843003,1189,0,100.0,0.0
420034845001,272,1490,15.4399995804,84.5599975586
420034845002,211,787,21.1399993896,78.8600006104
420034845003,0,1058,0.0,100.0
420034845004,0,1927,0.0,100.0
420034846001,514,24,95.5400009155,4.46000003815
420034846002,40,862,4.42999982834,95.5699996948
420034846003,0,817,0.0,100.0
420034850001,537,734,42.25,57.75
420034867001,1106,385,74.1800003052,25.8199996948
420034867002,297,572,34.1800003052,65.8199996948
420034868001,143,691,17.1499996185,82.8499984741
420034868002,735,258,74.0199966431,25.9799995422
420034869001,1,724,0.140000000596,99.8600006104
420034869002,0,482,0.0,100.0
420034869003,0,171,0.0,100.0
420034870001,90,679,11.6999998093,88.3000030518
420034870002,237,784,23.2099990845,76.7900009155
420034881001,0,1110,0.0,100.0
420034881002,0,1201,0.0,100.0
420034882001,62,1760,3.40000009537,96.5999984741
420034882002,0,706,0.0,100.0
420034882003,0,1063,0.0,100.0
420034883001,81,2092,3.73000001907,96.2699966431
420034884001,169,1061,13.7399997711,86.2600021362
420034884002,21,995,2.06999993324,97.9300003052
420034884003,0,555,0.0,100.0
420034884004,45,1607,2.72000002861,97.2799987793
420034885001,66,777,7.82999992371,92.1699981689
420034885002,0,1375,0.0,100.0
420034885003,0,625,0.0,100.0
420034886001,0,694,0.0,100.0
420034886002,64,885,6.73999977112,93.2600021362
420034886003,0,1289,0.0,100.0
420034886004,187,1823,9.30000019073,90.6999969482
420034890011,0,609,0.0,100.0
420034890012,233,1289,15.3100004196,84.6900024414
420034890013,514,1897,21.3199996948,78.6800003052
420034890021,0,645,0.0,100.0
420034890022,70,1174,5.63000011444,94.3700027466
420034890023,920,380,70.7699966431,29.2299995422
420034890024,151,386,28.1200008392,71.8799972534
420034900021,718,249,74.25,25.75
420034900022,154,758,16.8899993896,83.1100006104
420034900023,503,1199,29.5499992371,70.4499969482
420034900024,280,332,45.75,54.25
420034900025,4,605,0.660000026226,99.3399963379
420034900031,270,656,29.1599998474,70.8399963379
420034900032,214,818,20.7399997711,79.2600021362
420034900033,607,954,38.8899993896,61.1100006104
420034900041,0,2072,0.0,100.0
420034900042,0,2254,0.0,100.0
420034900043,238,531,30.9500007629,69.0500030518
420034911011,5,2808,0.180000007153,99.8199996948
420034911012,321,2758,10.4300003052,89.5699996948
420034912001,311,1731,15.2299995422,84.7699966431
420034927001,402,132,75.2799987793,24.7199993134
420034927002,420,129,76.5,23.5
420034927003,59,740,7.38000011444,92.6200027466
420034928001,0,1204,0.0,100.0
420034928002,0,1565,0.0,100.0
420034929001,0,1310,0.0,100.0
420034929002,0,835,0.0,100.0
420034940001,1238,255,82.9199981689,17.0799999237
420034961011,490,972,33.5200004578,66.4800033569
420034961012,191,1304,12.779999733,87.2200012207
420034961021,278,1416,16.4099998474,83.5899963379
420034961022,525,1074,32.8300018311,67.1699981689
420034962001,29,1169,2.42000007629,97.5800018311
420034962002,0,948,0.0,100.0
420034962003,221,1580,12.2700004578,87.7300033569
420034962004,254,317,44.4799995422,55.5200004578
420034962005,206,1088,15.9200000763,84.0800018311
420034970001,137,935,12.779999733,87.2200012207
420034980001,427,771,35.6399993896,64.3600006104
420034980002,336,1017,24.8299999237,75.1699981689
420034993001,0,572,0.0,100.0
420034993002,0,977,0.0,100.0
420034994001,562,211,72.6999969482,27.2999992371
420034994002,656,206,76.0999984741,23.8999996185
420034994003,188,1086,14.7600002289,85.2399978638
420035003001,633,772,45.0499992371,54.9500007629
420035003002,43,687,5.88999986649,94.1100006104
420035003003,34,587,5.48000001907,94.5199966431
420035003004,496,546,47.5999984741,52.4000015259
420035010001,35,1480,2.30999994278,97.6900024414
420035030021,27,990,2.65000009537,97.3499984741
420035030022,80,1146,6.53000020981,93.4700012207
420035030023,36,1189,2.94000005722,97.0599975586
420035030024,3,860,0.34999999404,99.6500015259
420035030025,417,1241,25.1499996185,74.8499984741
420035041001,282,742,27.5400009155,72.4599990845
420035041002,106,582,15.4099998474,84.5899963379
420035041003,4,788,0.509999990463,99.4899978638
420035041004,278,1181,19.0499992371,80.9499969482
420035041005,0,1280,0.0,100.0
420035070001,247,597,29.2700004578,70.7300033569
420035070002,1150,132,89.6999969482,10.3000001907
420035080001,0,979,0.0,100.0
420035080002,0,1211,0.0,100.0
420035094001,0,1343,0.0,100.0
420035094002,0,1143,0.0,100.0
420035094003,0,790,0.0,100.0
420035094004,0,1160,0.0,100.0
420035094005,0,823,0.0,100.0
420035100001,0,779,0.0,100.0
420035100002,0,1043,0.0,100.0
420035120001,0,818,0.0,100.0
420035120002,0,1499,0.0,100.0
420035128001,0,1380,0.0,100.0
420035129001,0,543,0.0,100.0
420035129002,0,617,0.0,100.0
420035138001,0,871,0.0,100.0
420035138002,0,895,0.0,100.0
420035138003,0,393,0.0,100.0
420035140001,0,820,0.0,100.0
420035140002,0,1302,0.0,100.0
420035151001,0,765,0.0,100.0
420035151002,0,1236,0.0,100.0
420035151003,0,718,0.0,100.0
420035152001,0,997,0.0,100.0
420035152002,0,1127,0.0,100.0
420035153001,245,513,32.3199996948,67.6800003052
420035153002,1016,97,91.2799987793,8.72000026703
420035154011,365,554,39.7200012207,60.2799987793
420035154012,430,173,71.3099975586,28.6900005341
420035154013,645,99,86.6900024414,13.3100004196
420035161001,1278,114,91.8099975586,8.18999958038
420035162001,346,472,42.2999992371,57.7000007629
420035162002,407,501,44.8199996948,55.1800003052
420035170001,82,568,12.6199998856,87.3799972534
420035170002,188,1042,15.279999733,84.7200012207
420035180011,730,445,62.1300010681,37.8699989319
420035180012,386,885,30.3700008392,69.6299972534
420035180013,562,383,59.4700012207,40.5299987793
420035190001,171,854,16.6800003052,83.3199996948
420035190002,0,1427,0.0,100.0
420035190003,0,559,0.0,100.0
420035200011,62,1369,4.32999992371,95.6699981689
420035200012,402,1396,22.3600006104,77.6399993896
420035200021,0,1008,0.0,100.0
420035200022,601,532,53.0499992371,46.9500007629
420035200023,434,550,44.1100006104,55.8899993896
420035211001,7,1044,0.670000016689,99.3300018311
420035211002,605,686,46.8600006104,53.1399993896
420035211003,722,1539,31.9300003052,68.0699996948
420035212001,0,1901,0.0,100.0
420035212002,0,773,0.0,100.0
420035212003,583,833,41.1699981689,58.8300018311
420035213011,0,815,0.0,100.0
420035213012,183,1140,13.8299999237,86.1699981689
420035213013,209,545,27.7199993134,72.2799987793
420035213014,50,1284,3.75,96.25
420035213021,0,1402,0.0,100.0
420035213022,0,969,0.0,100.0
420035213023,531,815,39.4500007629,60.5499992371
420035213024,246,415,37.2200012207,62.7799987793
420035214011,488,1438,25.3400001526,74.6600036621
420035214012,578,354,62.0200004578,37.9799995422
420035214021,536,817,39.6199989319,60.3800010681
420035214022,433,836,34.1199989319,65.8799972534
420035214023,394,881,30.8999996185,69.0999984741
420035215001,296,1288,18.6900005341,81.3099975586
420035215002,44,1885,2.27999997139,97.7200012207
420035215003,0,828,0.0,100.0
420035220001,653,28,95.8899993896,4.11000013351
420035220002,1568,72,95.6100006104,4.38999986649
420035220003,453,515,46.7999992371,53.2000007629
420035231001,62,1270,4.65000009537,95.3499984741
420035231002,0,1353,0.0,100.0
420035231003,1,756,0.129999995232,99.8700027466
420035231004,105,647,13.9600000381,86.0400009155
420035232001,0,1300,0.0,100.0
420035232002,0,995,0.0,100.0
420035232003,0,914,0.0,100.0
420035232004,0,713,0.0,100.0
420035233001,0,746,0.0,100.0
420035233002,0,1489,0.0,100.0
420035233003,74,557,11.7299995422,88.2699966431
420035233004,353,975,26.5799999237,73.4199981689
420035234001,0,1368,0.0,100.0
420035234002,0,757,0.0,100.0
420035234003,0,677,0.0,100.0
420035234004,53,523,9.19999980927,90.8000030518
420035234005,0,987,0.0,100.0
420035234006,118,484,19.6000003815,80.4000015259
420035235011,0,1818,0.0,100.0
420035235012,0,1482,0.0,100.0
420035235013,0,1358,0.0,100.0
420035235021,367,1172,23.8500003815,76.1500015259
420035236001,146,1672,8.02999973297,91.9700012207
420035236002,31,891,3.3599998951,96.6399993896
420035236003,286,1819,13.5900001526,86.4100036621
420035237011,172,588,22.6299991608,77.3700027466
420035237012,156,1605,8.85999965668,91.1399993896
420035237013,0,910,0.0,100.0
420035237014,334,414,44.6500015259,55.3499984741
420035237021,0,1835,0.0,100.0
420035237022,0,1599,0.0,100.0
420035237023,0,1141,0.0,100.0
420035237024,0,605,0.0,100.0
420035238001,42,1246,3.25999999046,96.7399978638
420035238002,0,816,0.0,100.0
420035238003,0,840,0.0,100.0
420035238004,419,1288,24.5499992371,75.4499969482
420035240001,592,29,95.3300018311,4.67000007629
420035240002,941,95,90.8300018311,9.17000007629
420035240003,666,151,81.5199966431,18.4799995422
420035251001,147,1907,7.15999984741,92.8399963379
420035252001,222,1210,15.5,84.5
420035252002,0,575,0.0,100.0
420035253001,275,505,35.2599983215,64.7399978638
420035253002,569,893,38.9199981689,61.0800018311
420035261011,468,276,62.9000015259,37.0999984741
420035261012,89,2483,3.46000003815,96.5400009155
420035261013,0,2529,0.0,100.0
420035261014,0,1057,0.0,100.0
420035261021,593,1527,27.9699993134,72.0299987793
420035262011,17,1238,1.35000002384,98.6500015259
420035262012,30,2405,1.23000001907,98.7699966431
420035262021,0,1188,0.0,100.0
420035262022,243,2401,9.18999958038,90.8099975586
420035262023,0,1228,0.0,100.0
420035263011,0,1725,0.0,100.0
420035263012,105,2275,4.40999984741,95.5899963379
420035263021,0,1911,0.0,100.0
420035263022,71,1003,6.61000013351,93.3899993896
420035263023,0,1215,0.0,100.0
420035263024,0,1049,0.0,100.0
420035509001,718,103,87.4499969482,12.5500001907
420035509002,91,1103,7.61999988556,92.3799972534
420035512001,0,1078,0.0,100.0
420035512002,0,1139,0.0,100.0
420035512003,0,1153,0.0,100.0
420035513001,750,199,79.0299987793,20.9699993134
420035513002,344,1092,23.9599990845,76.0400009155
420035519001,0,590,0.0,100.0
420035519002,30,844,3.43000006676,96.5699996948
420035520001,0,696,0.0,100.0
420035520002,0,627,0.0,100.0
420035520003,0,598,0.0,100.0
420035520004,203,622,24.6100006104,75.3899993896
420035521001,0,760,0.0,100.0
420035521002,0,690,0.0,100.0
420035522001,0,1100,0.0,100.0
420035523001,52,416,11.1099996567,88.8899993896
420035523002,0,472,0.0,100.0
420035523003,287,957,23.0699996948,76.9300003052
420035524001,382,282,57.5299987793,42.4700012207
420035524002,268,701,27.6599998474,72.3399963379
420035524003,0,1384,0.0,100.0
420035604001,717,0,100.0,0.0
420035604002,842,0,100.0,0.0
420035605001,963,0,100.0,0.0
420035605002,1213,0,100.0,0.0
420035606001,485,0,100.0,0.0
420035606002,589,0,100.0,0.0
420035610001,563,145,79.5199966431,20.4799995422
420035610002,497,354,58.4000015259,41.5999984741
420035611001,850,0,100.0,0.0
420035612001,728,15,97.9800033569,2.01999998093
420035612002,590,0,100.0,0.0
420035614001,0,634,0.0,100.0
420035614002,0,1119,0.0,100.0
420035614003,564,543,50.9500007629,49.0499992371
420035614004,257,1122,18.6399993896,81.3600006104
420035615001,582,882,39.75,60.25
420035615002,237,620,27.6499996185,72.3499984741
420035615003,815,4,99.5100021362,0.490000009537
420035616001,158,86,64.75,35.25
420035616002,503,232,68.4400024414,31.5599994659
420035616003,494,51,90.6399993896,9.35999965668
420035616004,516,71,87.9000015259,12.1000003815
420035617001,147,62,70.3300018311,29.6700000763
420035617002,415,94,81.5299987793,18.4699993134
420035619001,324,564,36.4900016785,63.5099983215
420035619002,833,511,61.9799995422,38.0200004578
420035620001,0,1367,0.0,100.0
420035620002,911,257,78.0,22.0
420035620003,89,623,12.5,87.5
420035623001,416,138,75.0899963379,24.9099998474
420035623002,529,187,73.8799972534,26.1200008392
420035623003,495,155,76.1500015259,23.8500003815
420035623004,413,97,80.9800033569,19.0200004578
420035623005,432,135,76.1900024414,23.8099994659
420035623006,378,94,80.0800018311,19.9200000763
420035624001,0,808,0.0,100.0
420035624002,0,463,0.0,100.0
420035624003,18,309,5.5,94.5
420035624004,361,375,49.0499992371,50.9500007629
420035624005,364,35,91.2300033569,8.77000045776
420035625001,259,42,86.0500030518,13.9499998093
420035625002,8,579,1.36000001431,98.6399993896
420035625003,277,630,30.5400009155,69.4599990845
420035625004,821,413,66.5299987793,33.4700012207
420035626001,231,23,90.9400024414,9.06000041962
420035626002,1008,2,99.8000030518,0.20000000298
420035626003,603,174,77.6100006104,22.3899993896
420035626004,543,0,100.0,0.0
420035627001,462,0,100.0,0.0
420035627002,808,125,86.5999984741,13.3999996185
420035628001,460,110,80.6999969482,19.2999992371
420035628002,632,395,61.5400009155,38.4599990845
420035629001,5,630,0.790000021458,99.2099990845
420035629002,111,251,30.6599998474,69.3399963379
420035629003,725,201,78.2900009155,21.7099990845
420035630001,643,359,64.1699981689,35.8300018311
420035630002,594,161,78.6800003052,21.3199996948
420035630003,260,354,42.3499984741,57.6500015259
420035630004,434,43,90.9899978638,9.01000022888
420035631001,643,347,64.9499969482,35.0499992371
420035631002,1438,638,69.2699966431,30.7299995422
420035631003,0,476,0.0,100.0
420035632001,271,32,89.4400024414,10.5600004196
420035632002,803,166,82.8700027466,17.1299991608
420035632003,944,206,82.0899963379,17.9099998474
420035633001,14,625,2.19000005722,97.8099975586
420035633002,23,787,2.83999991417,97.1600036621
420035638001,109,588,15.6400003433,84.3600006104
420035638002,1,1915,0.0500000007451,99.9499969482
420035638003,0,205,0.0,100.0
420035638004,0,70,0.0,100.0
420035638005,308,239,56.3100013733,43.6899986267
420035638006,78,293,21.0200004578,78.9800033569
420035639001,668,132,83.5,16.5
420035639002,981,270,78.4199981689,21.5799999237
420035639003,427,465,47.8699989319,52.1300010681
420035639004,539,445,54.7799987793,45.2200012207
420035640002,82,2161,3.66000008583,96.3399963379
420035640003,180,203,47.0,53.0
420035641001,381,46,89.2300033569,10.7700004578
420035641002,205,250,45.0499992371,54.9500007629
420035642001,0,351,0.0,100.0
420035642002,78,854,8.36999988556,91.6299972534
420035642003,181,760,19.2299995422,80.7699966431
420035644001,0,977,0.0,100.0
420035644002,0,1149,0.0,100.0
420035644003,64,946,6.34000015259,93.6600036621
420035644004,204,1042,16.3700008392,83.6299972534
420035644005,342,262,56.6199989319,43.3800010681
420035644006,0,580,0.0,100.0
420035644007,4,50,7.40999984741,92.5899963379
420035645001,424,1136,27.1800003052,72.8199996948
420035645002,83,1042,7.38000011444,92.6200027466
420035645003,308,210,59.4599990845,40.5400009155
420039800001,0,540,0.0,100.0
420039801001,13,5,72.2200012207,27.7800006866
420039803001,1,0,100.0,0.0
420039804001,16,5,76.1900024414,23.8099994659
420039805001,15,12,55.5600013733,44.4399986267
420039806001,4,7,36.3600006104,63.6399993896
420039807001,6,13,31.5799999237,68.4199981689
420039808001,-99999,-99999,-99999.0,-99999.0
420039809001,0,1797,0.0,100.0
420039810001,3,1,75.0,25.0
420039811001,5,2,71.4300003052,28.5699996948
420039812001,-99999,-99999,-99999.0,-99999.0
420039818001,3,458,0.649999976158,99.3499984741
420039822001,3814,1002,79.1900024414,20.8099994659
