bgrp,Day_Count,Day_Low,K12_Count,K12_Low
420030103001,0.0,-99999.0,0.0,-99999.0
420030103002,1.0,0.0,0.0,-99999.0
420030103003,2.0,2.0,0.0,-99999.0
420030103004,0.0,-99999.0,0.0,-99999.0
420030201001,3.0,3.0,1.0,1.0
420030201002,2.0,2.0,0.0,-99999.0
420030201003,1.0,1.0,0.0,-99999.0
420030201004,0.0,-99999.0,0.0,-99999.0
420030201005,2.0,2.0,1.0,1.0
420030201006,5.0,5.0,3.0,3.0
420030203001,0.0,-99999.0,0.0,-99999.0
420030305001,2.0,0.0,0.0,-99999.0
420030305002,1.0,0.0,1.0,0.0
420030402001,0.0,-99999.0,0.0,-99999.0
420030402002,1.0,1.0,2.0,0.0
420030404001,0.0,-99999.0,0.0,-99999.0
420030404002,1.0,0.0,1.0,1.0
420030405001,0.0,-99999.0,0.0,-99999.0
420030405002,1.0,1.0,1.0,0.0
420030406001,0.0,-99999.0,0.0,-99999.0
420030409001,2.0,1.0,1.0,1.0
420030409002,0.0,-99999.0,0.0,-99999.0
420030409003,0.0,-99999.0,0.0,-99999.0
420030501001,0.0,-99999.0,1.0,0.0
420030501002,0.0,-99999.0,1.0,0.0
420030501003,0.0,-99999.0,2.0,0.0
420030506001,0.0,-99999.0,1.0,0.0
420030506002,1.0,0.0,0.0,-99999.0
420030506003,1.0,0.0,1.0,0.0
420030509001,1.0,0.0,1.0,0.0
420030510001,2.0,0.0,0.0,-99999.0
420030510002,1.0,0.0,0.0,-99999.0
420030511001,0.0,-99999.0,0.0,-99999.0
420030603001,0.0,-99999.0,0.0,-99999.0
420030603002,0.0,-99999.0,4.0,0.0
420030605001,0.0,-99999.0,0.0,-99999.0
420030605002,0.0,-99999.0,0.0,-99999.0
420030703001,1.0,0.0,1.0,0.0
420030703002,0.0,-99999.0,0.0,-99999.0
420030703003,0.0,-99999.0,0.0,-99999.0
420030705001,0.0,-99999.0,0.0,-99999.0
420030705002,0.0,-99999.0,0.0,-99999.0
420030705003,0.0,-99999.0,0.0,-99999.0
420030706001,0.0,-99999.0,2.0,1.0
420030706002,0.0,-99999.0,0.0,-99999.0
420030708001,0.0,-99999.0,0.0,-99999.0
420030708002,1.0,0.0,3.0,2.0
420030709001,0.0,-99999.0,0.0,-99999.0
420030709002,0.0,-99999.0,0.0,-99999.0
420030709003,1.0,0.0,1.0,0.0
420030709004,1.0,0.0,1.0,0.0
420030802001,0.0,-99999.0,0.0,-99999.0
420030802002,0.0,-99999.0,0.0,-99999.0
420030804001,0.0,-99999.0,0.0,-99999.0
420030804002,0.0,-99999.0,0.0,-99999.0
420030806001,1.0,0.0,0.0,-99999.0
420030806002,0.0,-99999.0,0.0,-99999.0
420030807001,0.0,-99999.0,2.0,0.0
420030807002,0.0,-99999.0,0.0,-99999.0
420030809001,1.0,0.0,1.0,1.0
420030809002,7.0,2.0,1.0,0.0
420030901001,0.0,-99999.0,0.0,-99999.0
420030901002,0.0,-99999.0,0.0,-99999.0
420030902001,1.0,1.0,2.0,2.0
420030902002,0.0,-99999.0,0.0,-99999.0
420030902003,0.0,-99999.0,0.0,-99999.0
420030903001,0.0,-99999.0,0.0,-99999.0
420030903002,0.0,-99999.0,1.0,1.0
420031005001,0.0,-99999.0,0.0,-99999.0
420031005002,0.0,-99999.0,0.0,-99999.0
420031011001,0.0,-99999.0,2.0,2.0
420031011002,2.0,2.0,0.0,-99999.0
420031011003,0.0,-99999.0,0.0,-99999.0
420031014001,0.0,-99999.0,2.0,1.0
420031014002,0.0,-99999.0,0.0,-99999.0
420031014003,0.0,-99999.0,0.0,-99999.0
420031014004,0.0,-99999.0,0.0,-99999.0
420031016001,0.0,-99999.0,2.0,0.0
420031017001,0.0,-99999.0,1.0,1.0
420031017002,1.0,1.0,0.0,-99999.0
420031018001,1.0,0.0,2.0,0.0
420031018002,0.0,-99999.0,0.0,-99999.0
420031102001,0.0,-99999.0,0.0,-99999.0
420031102002,1.0,0.0,0.0,-99999.0
420031102003,0.0,-99999.0,1.0,0.0
420031102004,0.0,-99999.0,0.0,-99999.0
420031106001,0.0,-99999.0,0.0,-99999.0
420031106002,0.0,-99999.0,0.0,-99999.0
420031106003,0.0,-99999.0,0.0,-99999.0
420031113001,0.0,-99999.0,1.0,0.0
420031113002,0.0,-99999.0,1.0,0.0
420031113003,0.0,-99999.0,0.0,-99999.0
420031113004,1.0,0.0,1.0,1.0
420031114001,0.0,-99999.0,2.0,0.0
420031114002,0.0,-99999.0,0.0,-99999.0
420031115001,1.0,0.0,0.0,-99999.0
420031115002,1.0,0.0,0.0,-99999.0
420031115003,3.0,3.0,1.0,1.0
420031115004,0.0,-99999.0,0.0,-99999.0
420031203001,0.0,-99999.0,0.0,-99999.0
420031203002,1.0,0.0,0.0,-99999.0
420031204001,0.0,-99999.0,1.0,0.0
420031204002,0.0,-99999.0,0.0,-99999.0
420031207001,2.0,0.0,1.0,0.0
420031207002,0.0,-99999.0,0.0,-99999.0
420031208001,1.0,0.0,0.0,-99999.0
420031208002,0.0,-99999.0,2.0,0.0
420031301001,0.0,-99999.0,0.0,-99999.0
420031301002,0.0,-99999.0,0.0,-99999.0
420031301003,0.0,-99999.0,0.0,-99999.0
420031302001,0.0,-99999.0,2.0,0.0
420031302002,0.0,-99999.0,0.0,-99999.0
420031303001,0.0,-99999.0,0.0,-99999.0
420031303002,0.0,-99999.0,1.0,0.0
420031303003,1.0,0.0,1.0,0.0
420031304001,0.0,-99999.0,0.0,-99999.0
420031304002,2.0,0.0,0.0,-99999.0
420031304003,0.0,-99999.0,0.0,-99999.0
420031306001,0.0,-99999.0,1.0,0.0
420031306002,0.0,-99999.0,0.0,-99999.0
420031306003,2.0,0.0,1.0,0.0
420031401001,0.0,-99999.0,0.0,-99999.0
420031401002,0.0,-99999.0,0.0,-99999.0
420031401003,0.0,-99999.0,0.0,-99999.0
420031401004,1.0,0.0,2.0,0.0
420031402001,0.0,-99999.0,0.0,-99999.0
420031402002,0.0,-99999.0,0.0,-99999.0
420031403001,0.0,-99999.0,0.0,-99999.0
420031403002,1.0,0.0,1.0,0.0
420031403003,0.0,-99999.0,0.0,-99999.0
420031403004,1.0,0.0,1.0,0.0
420031404001,0.0,-99999.0,0.0,-99999.0
420031404002,1.0,0.0,1.0,0.0
420031404003,0.0,-99999.0,0.0,-99999.0
420031405001,1.0,1.0,0.0,-99999.0
420031405002,0.0,-99999.0,0.0,-99999.0
420031405003,0.0,-99999.0,0.0,-99999.0
420031406001,1.0,0.0,3.0,0.0
420031406002,0.0,-99999.0,0.0,-99999.0
420031406003,0.0,-99999.0,0.0,-99999.0
420031408001,0.0,-99999.0,2.0,0.0
420031408002,1.0,0.0,0.0,-99999.0
420031408003,0.0,-99999.0,0.0,-99999.0
420031410001,0.0,-99999.0,0.0,-99999.0
420031411001,0.0,-99999.0,0.0,-99999.0
420031413001,2.0,1.0,2.0,0.0
420031413002,0.0,-99999.0,2.0,2.0
420031413003,0.0,-99999.0,0.0,-99999.0
420031414001,0.0,-99999.0,0.0,-99999.0
420031414002,1.0,0.0,1.0,0.0
420031414003,0.0,-99999.0,0.0,-99999.0
420031414004,0.0,-99999.0,0.0,-99999.0
420031414005,1.0,1.0,0.0,-99999.0
420031516001,0.0,-99999.0,0.0,-99999.0
420031516002,0.0,-99999.0,2.0,0.0
420031516003,0.0,-99999.0,0.0,-99999.0
420031517001,1.0,0.0,0.0,-99999.0
420031517002,0.0,-99999.0,0.0,-99999.0
420031517003,0.0,-99999.0,0.0,-99999.0
420031517004,0.0,-99999.0,0.0,-99999.0
420031517005,0.0,-99999.0,0.0,-99999.0
420031517006,0.0,-99999.0,0.0,-99999.0
420031608001,0.0,-99999.0,0.0,-99999.0
420031608002,0.0,-99999.0,0.0,-99999.0
420031608003,0.0,-99999.0,0.0,-99999.0
420031608004,0.0,-99999.0,0.0,-99999.0
420031609001,1.0,1.0,0.0,-99999.0
420031609002,0.0,-99999.0,0.0,-99999.0
420031702001,0.0,-99999.0,0.0,-99999.0
420031702002,1.0,1.0,0.0,-99999.0
420031702003,0.0,-99999.0,0.0,-99999.0
420031702004,1.0,1.0,1.0,1.0
420031706001,0.0,-99999.0,0.0,-99999.0
420031706002,0.0,-99999.0,0.0,-99999.0
420031706003,0.0,-99999.0,0.0,-99999.0
420031803001,1.0,1.0,1.0,0.0
420031803002,0.0,-99999.0,0.0,-99999.0
420031803003,0.0,-99999.0,0.0,-99999.0
420031807001,0.0,-99999.0,0.0,-99999.0
420031807002,0.0,-99999.0,0.0,-99999.0
420031807003,0.0,-99999.0,0.0,-99999.0
420031903001,1.0,0.0,2.0,0.0
420031903002,0.0,-99999.0,0.0,-99999.0
420031911001,0.0,-99999.0,0.0,-99999.0
420031911002,0.0,-99999.0,2.0,0.0
420031914001,0.0,-99999.0,0.0,-99999.0
420031914002,1.0,0.0,2.0,1.0
420031915001,0.0,-99999.0,0.0,-99999.0
420031915002,0.0,-99999.0,0.0,-99999.0
420031916001,1.0,0.0,3.0,1.0
420031916002,1.0,0.0,1.0,0.0
420031916003,0.0,-99999.0,0.0,-99999.0
420031916004,0.0,-99999.0,0.0,-99999.0
420031916005,0.0,-99999.0,0.0,-99999.0
420031917001,0.0,-99999.0,3.0,0.0
420031917002,0.0,-99999.0,0.0,-99999.0
420031917003,1.0,0.0,0.0,-99999.0
420031918001,0.0,-99999.0,0.0,-99999.0
420031918002,0.0,-99999.0,0.0,-99999.0
420031918003,1.0,0.0,0.0,-99999.0
420031918004,1.0,0.0,2.0,0.0
420031918005,1.0,0.0,0.0,-99999.0
420031918006,0.0,-99999.0,0.0,-99999.0
420031918007,0.0,-99999.0,0.0,-99999.0
420031919001,0.0,-99999.0,0.0,-99999.0
420031919002,1.0,1.0,0.0,-99999.0
420031919003,0.0,-99999.0,1.0,0.0
420031920001,0.0,-99999.0,0.0,-99999.0
420031920002,0.0,-99999.0,0.0,-99999.0
420031920003,0.0,-99999.0,0.0,-99999.0
420031920004,0.0,-99999.0,0.0,-99999.0
420031920005,0.0,-99999.0,0.0,-99999.0
420032022001,0.0,-99999.0,0.0,-99999.0
420032022002,0.0,-99999.0,1.0,0.0
420032022003,0.0,-99999.0,0.0,-99999.0
420032023001,0.0,-99999.0,0.0,-99999.0
420032023002,0.0,-99999.0,0.0,-99999.0
420032023003,2.0,0.0,2.0,0.0
420032023004,0.0,-99999.0,0.0,-99999.0
420032107001,0.0,-99999.0,1.0,0.0
420032107002,1.0,0.0,4.0,0.0
420032206001,1.0,0.0,0.0,-99999.0
420032206002,1.0,0.0,0.0,-99999.0
420032406001,0.0,-99999.0,0.0,-99999.0
420032406002,0.0,-99999.0,1.0,0.0
420032412001,0.0,-99999.0,0.0,-99999.0
420032412002,0.0,-99999.0,0.0,-99999.0
420032503001,0.0,-99999.0,0.0,-99999.0
420032507001,0.0,-99999.0,0.0,-99999.0
420032509001,0.0,-99999.0,0.0,-99999.0
420032509002,0.0,-99999.0,0.0,-99999.0
420032602001,2.0,0.0,1.0,0.0
420032602002,1.0,0.0,1.0,0.0
420032602003,0.0,-99999.0,0.0,-99999.0
420032607001,0.0,-99999.0,0.0,-99999.0
420032607002,0.0,-99999.0,0.0,-99999.0
420032609001,0.0,-99999.0,1.0,0.0
420032612001,0.0,-99999.0,0.0,-99999.0
420032614001,0.0,-99999.0,0.0,-99999.0
420032614002,0.0,-99999.0,2.0,0.0
420032614003,0.0,-99999.0,0.0,-99999.0
420032614004,1.0,0.0,0.0,-99999.0
420032615001,3.0,0.0,1.0,0.0
420032615002,1.0,0.0,1.0,0.0
420032620001,0.0,-99999.0,1.0,0.0
420032620002,0.0,-99999.0,0.0,-99999.0
420032620003,0.0,-99999.0,0.0,-99999.0
420032701001,0.0,-99999.0,1.0,0.0
420032701002,2.0,0.0,0.0,-99999.0
420032703001,1.0,0.0,2.0,0.0
420032703002,0.0,-99999.0,0.0,-99999.0
420032704001,0.0,-99999.0,1.0,0.0
420032708001,0.0,-99999.0,0.0,-99999.0
420032708002,0.0,-99999.0,0.0,-99999.0
420032708003,0.0,-99999.0,0.0,-99999.0
420032715001,0.0,-99999.0,0.0,-99999.0
420032715002,4.0,0.0,0.0,-99999.0
420032715003,0.0,-99999.0,1.0,0.0
420032814001,0.0,-99999.0,0.0,-99999.0
420032814002,0.0,-99999.0,2.0,0.0
420032815001,0.0,-99999.0,2.0,0.0
420032815002,0.0,-99999.0,0.0,-99999.0
420032901001,0.0,-99999.0,0.0,-99999.0
420032901002,0.0,-99999.0,0.0,-99999.0
420032901003,1.0,0.0,0.0,-99999.0
420032902001,0.0,-99999.0,0.0,-99999.0
420032902002,0.0,-99999.0,1.0,0.0
420032902003,0.0,-99999.0,0.0,-99999.0
420032902004,1.0,0.0,1.0,0.0
420032902005,0.0,-99999.0,0.0,-99999.0
420032904001,0.0,-99999.0,1.0,0.0
420032904002,1.0,0.0,0.0,-99999.0
420032904003,0.0,-99999.0,0.0,-99999.0
420032904004,0.0,-99999.0,0.0,-99999.0
420032904005,0.0,-99999.0,0.0,-99999.0
420033001001,1.0,0.0,0.0,-99999.0
420033001002,0.0,-99999.0,2.0,0.0
420033001003,1.0,0.0,0.0,-99999.0
420033001004,0.0,-99999.0,0.0,-99999.0
420033001005,0.0,-99999.0,0.0,-99999.0
420033001006,0.0,-99999.0,0.0,-99999.0
420033102001,0.0,-99999.0,0.0,-99999.0
420033102002,0.0,-99999.0,0.0,-99999.0
420033102003,1.0,0.0,0.0,-99999.0
420033102004,0.0,-99999.0,2.0,0.0
420033102005,0.0,-99999.0,0.0,-99999.0
420033103001,0.0,-99999.0,0.0,-99999.0
420033204001,0.0,-99999.0,0.0,-99999.0
420033204002,0.0,-99999.0,0.0,-99999.0
420033204003,0.0,-99999.0,0.0,-99999.0
420033206001,0.0,-99999.0,0.0,-99999.0
420033206002,0.0,-99999.0,0.0,-99999.0
420033207001,0.0,-99999.0,1.0,0.0
420033207002,0.0,-99999.0,0.0,-99999.0
420034011001,2.0,0.0,0.0,-99999.0
420034011002,0.0,-99999.0,0.0,-99999.0
420034011003,0.0,-99999.0,0.0,-99999.0
420034011004,0.0,-99999.0,0.0,-99999.0
420034012001,0.0,-99999.0,0.0,-99999.0
420034012002,0.0,-99999.0,3.0,0.0
420034012003,0.0,-99999.0,0.0,-99999.0
420034012004,0.0,-99999.0,1.0,0.0
420034013001,0.0,-99999.0,0.0,-99999.0
420034013002,0.0,-99999.0,0.0,-99999.0
420034013003,2.0,0.0,1.0,0.0
420034020001,0.0,-99999.0,1.0,0.0
420034020002,0.0,-99999.0,0.0,-99999.0
420034020003,0.0,-99999.0,0.0,-99999.0
420034020004,0.0,-99999.0,0.0,-99999.0
420034035001,0.0,-99999.0,0.0,-99999.0
420034035002,0.0,-99999.0,0.0,-99999.0
420034035003,1.0,1.0,1.0,1.0
420034035004,2.0,2.0,0.0,-99999.0
420034035005,0.0,-99999.0,0.0,-99999.0
420034040001,1.0,0.0,0.0,-99999.0
420034050002,0.0,-99999.0,0.0,-99999.0
420034070012,1.0,0.0,1.0,0.0
420034070013,1.0,0.0,1.0,0.0
420034070014,0.0,-99999.0,0.0,-99999.0
420034070021,0.0,-99999.0,0.0,-99999.0
420034070022,2.0,0.0,3.0,1.0
420034070023,0.0,-99999.0,0.0,-99999.0
420034070024,0.0,-99999.0,0.0,-99999.0
420034080011,0.0,-99999.0,0.0,-99999.0
420034080012,1.0,0.0,1.0,0.0
420034080013,1.0,0.0,0.0,-99999.0
420034080021,0.0,-99999.0,0.0,-99999.0
420034080022,1.0,0.0,1.0,0.0
420034090001,1.0,0.0,2.0,1.0
420034090002,1.0,0.0,0.0,-99999.0
420034090003,1.0,0.0,1.0,0.0
420034090004,2.0,0.0,2.0,0.0
420034100001,0.0,-99999.0,1.0,0.0
420034110001,3.0,1.0,2.0,0.0
420034110002,1.0,0.0,1.0,0.0
420034110003,0.0,-99999.0,0.0,-99999.0
420034120011,0.0,-99999.0,1.0,0.0
420034120012,1.0,0.0,2.0,0.0
420034120013,0.0,-99999.0,0.0,-99999.0
420034120014,0.0,-99999.0,1.0,0.0
420034120021,2.0,0.0,1.0,0.0
420034120022,1.0,0.0,0.0,-99999.0
420034131001,0.0,-99999.0,0.0,-99999.0
420034131002,0.0,-99999.0,0.0,-99999.0
420034131003,0.0,-99999.0,0.0,-99999.0
420034131004,1.0,0.0,1.0,1.0
420034132011,1.0,0.0,0.0,-99999.0
420034132012,0.0,-99999.0,0.0,-99999.0
420034132013,1.0,1.0,0.0,-99999.0
420034132021,0.0,-99999.0,1.0,0.0
420034132022,0.0,-99999.0,0.0,-99999.0
420034133001,1.0,0.0,3.0,0.0
420034133002,2.0,0.0,0.0,-99999.0
420034133003,0.0,-99999.0,0.0,-99999.0
420034134001,0.0,-99999.0,0.0,-99999.0
420034134002,1.0,0.0,1.0,0.0
420034134003,0.0,-99999.0,0.0,-99999.0
420034135001,0.0,-99999.0,0.0,-99999.0
420034135002,0.0,-99999.0,0.0,-99999.0
420034135003,0.0,-99999.0,0.0,-99999.0
420034135004,3.0,0.0,4.0,1.0
420034141011,1.0,1.0,1.0,0.0
420034141012,0.0,-99999.0,2.0,1.0
420034141013,1.0,0.0,1.0,0.0
420034141014,0.0,-99999.0,0.0,-99999.0
420034141021,2.0,0.0,1.0,0.0
420034141022,2.0,0.0,1.0,0.0
420034141023,0.0,-99999.0,0.0,-99999.0
420034142001,2.0,0.0,2.0,0.0
420034142002,1.0,0.0,0.0,-99999.0
420034142003,3.0,0.0,2.0,0.0
420034150011,1.0,0.0,0.0,-99999.0
420034150012,0.0,-99999.0,2.0,0.0
420034150013,0.0,-99999.0,0.0,-99999.0
420034150021,0.0,-99999.0,1.0,0.0
420034150022,1.0,0.0,1.0,0.0
420034160001,0.0,-99999.0,0.0,-99999.0
420034160002,0.0,-99999.0,1.0,0.0
420034171001,0.0,-99999.0,1.0,0.0
420034171002,1.0,0.0,0.0,-99999.0
420034171003,0.0,-99999.0,0.0,-99999.0
420034172001,0.0,-99999.0,0.0,-99999.0
420034180001,1.0,0.0,1.0,0.0
420034190001,2.0,0.0,0.0,-99999.0
420034190002,0.0,-99999.0,1.0,0.0
420034190003,0.0,-99999.0,0.0,-99999.0
420034200001,2.0,0.0,0.0,-99999.0
420034211001,2.0,0.0,1.0,0.0
420034211002,0.0,-99999.0,0.0,-99999.0
420034211003,3.0,0.0,1.0,0.0
420034211004,0.0,-99999.0,0.0,-99999.0
420034212001,0.0,-99999.0,1.0,0.0
420034212002,1.0,0.0,0.0,-99999.0
420034212003,0.0,-99999.0,0.0,-99999.0
420034212004,0.0,-99999.0,0.0,-99999.0
420034220001,0.0,-99999.0,0.0,-99999.0
420034220002,0.0,-99999.0,0.0,-99999.0
420034220003,0.0,-99999.0,0.0,-99999.0
420034220004,0.0,-99999.0,0.0,-99999.0
420034230001,1.0,0.0,1.0,0.0
420034230002,1.0,0.0,1.0,0.0
420034230003,0.0,-99999.0,0.0,-99999.0
420034240001,0.0,-99999.0,0.0,-99999.0
420034240002,1.0,0.0,0.0,-99999.0
420034240003,0.0,-99999.0,0.0,-99999.0
420034240004,0.0,-99999.0,0.0,-99999.0
420034250001,0.0,-99999.0,0.0,-99999.0
420034250002,0.0,-99999.0,0.0,-99999.0
420034250003,0.0,-99999.0,0.0,-99999.0
420034250004,0.0,-99999.0,0.0,-99999.0
420034263001,0.0,-99999.0,0.0,-99999.0
420034263002,2.0,1.0,2.0,1.0
420034263003,0.0,-99999.0,0.0,-99999.0
420034264001,0.0,-99999.0,1.0,0.0
420034264002,1.0,0.0,0.0,-99999.0
420034264003,0.0,-99999.0,0.0,-99999.0
420034264004,0.0,-99999.0,1.0,0.0
420034267001,0.0,-99999.0,0.0,-99999.0
420034267002,0.0,-99999.0,1.0,0.0
420034268001,0.0,-99999.0,0.0,-99999.0
420034268002,1.0,0.0,1.0,0.0
420034268003,0.0,-99999.0,0.0,-99999.0
420034270001,0.0,-99999.0,1.0,0.0
420034270002,0.0,-99999.0,0.0,-99999.0
420034270003,0.0,-99999.0,1.0,0.0
420034271001,0.0,-99999.0,0.0,-99999.0
420034271002,0.0,-99999.0,0.0,-99999.0
420034271003,0.0,-99999.0,2.0,1.0
420034272001,0.0,-99999.0,0.0,-99999.0
420034272002,0.0,-99999.0,0.0,-99999.0
420034272003,1.0,0.0,0.0,-99999.0
420034272004,0.0,-99999.0,0.0,-99999.0
420034281001,0.0,-99999.0,1.0,0.0
420034281002,0.0,-99999.0,0.0,-99999.0
420034282001,0.0,-99999.0,0.0,-99999.0
420034282002,0.0,-99999.0,0.0,-99999.0
420034291001,0.0,-99999.0,0.0,-99999.0
420034291002,1.0,0.0,0.0,-99999.0
420034292011,1.0,0.0,0.0,-99999.0
420034292012,1.0,0.0,2.0,0.0
420034292021,0.0,-99999.0,0.0,-99999.0
420034292022,0.0,-99999.0,0.0,-99999.0
420034292023,2.0,0.0,3.0,0.0
420034293001,0.0,-99999.0,0.0,-99999.0
420034293002,1.0,0.0,0.0,-99999.0
420034293003,0.0,-99999.0,1.0,0.0
420034293004,0.0,-99999.0,0.0,-99999.0
420034294001,0.0,-99999.0,0.0,-99999.0
420034294002,1.0,0.0,1.0,0.0
420034294003,0.0,-99999.0,2.0,1.0
420034294004,0.0,-99999.0,0.0,-99999.0
420034295001,0.0,-99999.0,2.0,0.0
420034295002,0.0,-99999.0,1.0,0.0
420034295003,1.0,0.0,0.0,-99999.0
420034296001,1.0,0.0,1.0,0.0
420034296002,0.0,-99999.0,0.0,-99999.0
420034297001,0.0,-99999.0,0.0,-99999.0
420034297002,0.0,-99999.0,1.0,0.0
420034301001,0.0,-99999.0,0.0,-99999.0
420034301002,0.0,-99999.0,0.0,-99999.0
420034302001,1.0,0.0,0.0,-99999.0
420034302002,0.0,-99999.0,2.0,0.0
420034302003,0.0,-99999.0,0.0,-99999.0
420034302004,0.0,-99999.0,0.0,-99999.0
420034302005,0.0,-99999.0,0.0,-99999.0
420034311001,0.0,-99999.0,0.0,-99999.0
420034311002,0.0,-99999.0,0.0,-99999.0
420034314001,0.0,-99999.0,1.0,0.0
420034315001,1.0,1.0,0.0,-99999.0
420034315002,1.0,0.0,0.0,-99999.0
420034315003,0.0,-99999.0,1.0,0.0
420034315004,0.0,-99999.0,0.0,-99999.0
420034323001,0.0,-99999.0,0.0,-99999.0
420034323002,1.0,0.0,1.0,0.0
420034324001,1.0,0.0,0.0,-99999.0
420034324002,0.0,-99999.0,0.0,-99999.0
420034324003,0.0,-99999.0,0.0,-99999.0
420034340001,0.0,-99999.0,0.0,-99999.0
420034340002,0.0,-99999.0,0.0,-99999.0
420034350001,1.0,0.0,2.0,0.0
420034350002,0.0,-99999.0,1.0,0.0
420034370001,1.0,0.0,3.0,0.0
420034370002,0.0,-99999.0,0.0,-99999.0
420034390001,0.0,-99999.0,0.0,-99999.0
420034455001,1.0,0.0,0.0,-99999.0
420034455002,1.0,0.0,1.0,0.0
420034455003,0.0,-99999.0,3.0,0.0
420034460001,0.0,-99999.0,1.0,0.0
420034460002,1.0,0.0,1.0,0.0
420034470001,0.0,-99999.0,1.0,0.0
420034480001,0.0,-99999.0,1.0,0.0
420034490001,0.0,-99999.0,0.0,-99999.0
420034507001,0.0,-99999.0,0.0,-99999.0
420034507002,0.0,-99999.0,4.0,0.0
420034508001,1.0,0.0,0.0,-99999.0
420034508002,0.0,-99999.0,0.0,-99999.0
420034508003,0.0,-99999.0,0.0,-99999.0
420034511011,1.0,0.0,2.0,0.0
420034511012,2.0,0.0,2.0,0.0
420034511021,0.0,-99999.0,0.0,-99999.0
420034511022,1.0,0.0,1.0,0.0
420034511023,1.0,0.0,2.0,1.0
420034511041,0.0,-99999.0,0.0,-99999.0
420034511042,0.0,-99999.0,0.0,-99999.0
420034511051,2.0,0.0,3.0,1.0
420034511052,1.0,0.0,0.0,-99999.0
420034511053,0.0,-99999.0,0.0,-99999.0
420034513001,1.0,0.0,2.0,0.0
420034513002,0.0,-99999.0,0.0,-99999.0
420034513003,1.0,0.0,1.0,0.0
420034513004,1.0,0.0,2.0,0.0
420034520002,0.0,-99999.0,0.0,-99999.0
420034520003,1.0,0.0,0.0,-99999.0
420034530032,0.0,-99999.0,1.0,0.0
420034530041,0.0,-99999.0,0.0,-99999.0
420034530042,1.0,0.0,0.0,-99999.0
420034530043,0.0,-99999.0,0.0,-99999.0
420034530044,0.0,-99999.0,0.0,-99999.0
420034550001,2.0,0.0,0.0,-99999.0
420034560011,3.0,0.0,3.0,0.0
420034560012,0.0,-99999.0,0.0,-99999.0
420034560031,0.0,-99999.0,0.0,-99999.0
420034560032,1.0,0.0,0.0,-99999.0
420034560033,0.0,-99999.0,0.0,-99999.0
420034560041,1.0,0.0,0.0,-99999.0
420034560042,1.0,0.0,0.0,-99999.0
420034571001,0.0,-99999.0,0.0,-99999.0
420034571002,1.0,0.0,1.0,0.0
420034572001,0.0,-99999.0,0.0,-99999.0
420034572002,0.0,-99999.0,0.0,-99999.0
420034572003,0.0,-99999.0,0.0,-99999.0
420034572004,0.0,-99999.0,0.0,-99999.0
420034580001,0.0,-99999.0,0.0,-99999.0
420034580002,1.0,0.0,3.0,2.0
420034580003,0.0,-99999.0,0.0,-99999.0
420034580004,0.0,-99999.0,0.0,-99999.0
420034591011,2.0,0.0,1.0,0.0
420034591021,0.0,-99999.0,0.0,-99999.0
420034591022,0.0,-99999.0,1.0,0.0
420034591023,0.0,-99999.0,1.0,0.0
420034592011,2.0,0.0,1.0,0.0
420034592012,0.0,-99999.0,1.0,0.0
420034592013,1.0,0.0,2.0,0.0
420034592014,1.0,0.0,0.0,-99999.0
420034592021,0.0,-99999.0,0.0,-99999.0
420034600011,0.0,-99999.0,5.0,0.0
420034600012,1.0,0.0,0.0,-99999.0
420034600021,0.0,-99999.0,1.0,0.0
420034600022,0.0,-99999.0,0.0,-99999.0
420034600023,0.0,-99999.0,0.0,-99999.0
420034610001,0.0,-99999.0,0.0,-99999.0
420034621001,0.0,-99999.0,0.0,-99999.0
420034621002,0.0,-99999.0,0.0,-99999.0
420034621003,0.0,-99999.0,0.0,-99999.0
420034626001,0.0,-99999.0,0.0,-99999.0
420034626002,0.0,-99999.0,0.0,-99999.0
420034626003,0.0,-99999.0,1.0,1.0
420034626004,0.0,-99999.0,1.0,0.0
420034639001,0.0,-99999.0,0.0,-99999.0
420034639002,0.0,-99999.0,0.0,-99999.0
420034639003,0.0,-99999.0,0.0,-99999.0
420034643001,2.0,0.0,0.0,-99999.0
420034643002,0.0,-99999.0,0.0,-99999.0
420034643003,0.0,-99999.0,0.0,-99999.0
420034643004,0.0,-99999.0,0.0,-99999.0
420034644001,0.0,-99999.0,0.0,-99999.0
420034644002,0.0,-99999.0,0.0,-99999.0
420034644003,2.0,2.0,1.0,1.0
420034644004,1.0,1.0,0.0,-99999.0
420034656001,1.0,0.0,1.0,0.0
420034656002,1.0,0.0,0.0,-99999.0
420034658001,0.0,-99999.0,1.0,0.0
420034658002,0.0,-99999.0,1.0,0.0
420034658003,0.0,-99999.0,0.0,-99999.0
420034687001,0.0,-99999.0,0.0,-99999.0
420034687002,0.0,-99999.0,0.0,-99999.0
420034688001,0.0,-99999.0,0.0,-99999.0
420034688002,1.0,0.0,0.0,-99999.0
420034688003,0.0,-99999.0,0.0,-99999.0
420034689001,0.0,-99999.0,0.0,-99999.0
420034689002,1.0,0.0,1.0,0.0
420034689003,0.0,-99999.0,0.0,-99999.0
420034690001,0.0,-99999.0,0.0,-99999.0
420034690002,0.0,-99999.0,0.0,-99999.0
420034690003,2.0,0.0,2.0,0.0
420034703001,1.0,0.0,0.0,-99999.0
420034703002,2.0,0.0,1.0,0.0
420034704001,0.0,-99999.0,0.0,-99999.0
420034704002,0.0,-99999.0,0.0,-99999.0
420034704003,0.0,-99999.0,1.0,0.0
420034705011,0.0,-99999.0,0.0,-99999.0
420034705012,1.0,0.0,1.0,0.0
420034705021,1.0,0.0,1.0,0.0
420034705022,2.0,0.0,0.0,-99999.0
420034706001,1.0,0.0,1.0,0.0
420034706002,0.0,-99999.0,0.0,-99999.0
420034706003,1.0,0.0,0.0,-99999.0
420034710001,0.0,-99999.0,1.0,0.0
420034721001,0.0,-99999.0,0.0,-99999.0
420034721002,0.0,-99999.0,0.0,-99999.0
420034722001,1.0,1.0,0.0,-99999.0
420034722002,0.0,-99999.0,0.0,-99999.0
420034722003,1.0,0.0,1.0,0.0
420034723001,0.0,-99999.0,0.0,-99999.0
420034723002,0.0,-99999.0,0.0,-99999.0
420034723003,0.0,-99999.0,0.0,-99999.0
420034724001,1.0,1.0,1.0,0.0
420034724002,0.0,-99999.0,0.0,-99999.0
420034731001,0.0,-99999.0,0.0,-99999.0
420034731002,0.0,-99999.0,0.0,-99999.0
420034731003,1.0,0.0,1.0,0.0
420034731004,0.0,-99999.0,0.0,-99999.0
420034731005,0.0,-99999.0,0.0,-99999.0
420034732001,0.0,-99999.0,0.0,-99999.0
420034732002,0.0,-99999.0,0.0,-99999.0
420034732003,0.0,-99999.0,0.0,-99999.0
420034733001,0.0,-99999.0,3.0,0.0
420034733002,0.0,-99999.0,1.0,1.0
420034733003,0.0,-99999.0,1.0,0.0
420034733004,1.0,0.0,1.0,0.0
420034733005,0.0,-99999.0,0.0,-99999.0
420034734011,0.0,-99999.0,0.0,-99999.0
420034734012,0.0,-99999.0,0.0,-99999.0
420034734013,2.0,0.0,2.0,1.0
420034734014,0.0,-99999.0,0.0,-99999.0
420034734021,0.0,-99999.0,0.0,-99999.0
420034734022,0.0,-99999.0,0.0,-99999.0
420034734023,1.0,0.0,1.0,0.0
420034735001,1.0,0.0,1.0,0.0
420034735002,1.0,0.0,1.0,0.0
420034735003,2.0,0.0,0.0,-99999.0
420034736011,0.0,-99999.0,0.0,-99999.0
420034736012,1.0,0.0,2.0,0.0
420034736013,0.0,-99999.0,0.0,-99999.0
420034736021,0.0,-99999.0,0.0,-99999.0
420034736022,1.0,0.0,1.0,0.0
420034736023,0.0,-99999.0,0.0,-99999.0
420034736024,0.0,-99999.0,0.0,-99999.0
420034741011,0.0,-99999.0,0.0,-99999.0
420034741012,0.0,-99999.0,0.0,-99999.0
420034741021,2.0,0.0,3.0,1.0
420034741022,0.0,-99999.0,0.0,-99999.0
420034742011,0.0,-99999.0,0.0,-99999.0
420034742021,1.0,0.0,2.0,1.0
420034742022,1.0,0.0,1.0,0.0
420034742031,0.0,-99999.0,1.0,0.0
420034742032,0.0,-99999.0,1.0,0.0
420034742033,0.0,-99999.0,0.0,-99999.0
420034751011,0.0,-99999.0,0.0,-99999.0
420034751012,0.0,-99999.0,0.0,-99999.0
420034751013,0.0,-99999.0,1.0,0.0
420034751014,1.0,0.0,0.0,-99999.0
420034751021,0.0,-99999.0,2.0,0.0
420034752001,0.0,-99999.0,0.0,-99999.0
420034752002,1.0,0.0,0.0,-99999.0
420034752003,0.0,-99999.0,0.0,-99999.0
420034752004,0.0,-99999.0,2.0,0.0
420034753011,0.0,-99999.0,0.0,-99999.0
420034753012,1.0,0.0,0.0,-99999.0
420034753013,0.0,-99999.0,0.0,-99999.0
420034753014,1.0,0.0,1.0,0.0
420034753031,0.0,-99999.0,0.0,-99999.0
420034753032,0.0,-99999.0,0.0,-99999.0
420034753033,0.0,-99999.0,1.0,0.0
420034753041,1.0,0.0,0.0,-99999.0
420034753042,0.0,-99999.0,0.0,-99999.0
420034753043,1.0,0.0,0.0,-99999.0
420034753044,0.0,-99999.0,0.0,-99999.0
420034754011,1.0,0.0,1.0,0.0
420034754012,1.0,0.0,1.0,0.0
420034754013,1.0,0.0,0.0,-99999.0
420034754021,0.0,-99999.0,0.0,-99999.0
420034754022,1.0,0.0,1.0,0.0
420034761001,0.0,-99999.0,0.0,-99999.0
420034761002,0.0,-99999.0,0.0,-99999.0
420034761003,1.0,0.0,1.0,0.0
420034761004,1.0,0.0,1.0,0.0
420034761005,0.0,-99999.0,0.0,-99999.0
420034762001,0.0,-99999.0,0.0,-99999.0
420034762002,0.0,-99999.0,0.0,-99999.0
420034762003,0.0,-99999.0,0.0,-99999.0
420034771001,0.0,-99999.0,1.0,0.0
420034771002,0.0,-99999.0,1.0,0.0
420034771003,2.0,0.0,1.0,0.0
420034772001,0.0,-99999.0,0.0,-99999.0
420034772002,0.0,-99999.0,0.0,-99999.0
420034772003,2.0,0.0,1.0,0.0
420034772004,1.0,0.0,0.0,-99999.0
420034773001,0.0,-99999.0,0.0,-99999.0
420034773002,0.0,-99999.0,0.0,-99999.0
420034773003,0.0,-99999.0,1.0,0.0
420034773004,0.0,-99999.0,1.0,1.0
420034773005,1.0,0.0,0.0,-99999.0
420034781001,0.0,-99999.0,0.0,-99999.0
420034781002,0.0,-99999.0,0.0,-99999.0
420034781003,0.0,-99999.0,0.0,-99999.0
420034781004,0.0,-99999.0,0.0,-99999.0
420034782001,0.0,-99999.0,1.0,0.0
420034782002,0.0,-99999.0,2.0,0.0
420034782003,1.0,0.0,1.0,0.0
420034790001,1.0,0.0,0.0,-99999.0
420034790002,0.0,-99999.0,0.0,-99999.0
420034801011,1.0,0.0,0.0,-99999.0
420034801012,0.0,-99999.0,0.0,-99999.0
420034801013,0.0,-99999.0,0.0,-99999.0
420034801014,0.0,-99999.0,0.0,-99999.0
420034801021,0.0,-99999.0,0.0,-99999.0
420034801022,0.0,-99999.0,0.0,-99999.0
420034801023,0.0,-99999.0,1.0,0.0
420034802001,0.0,-99999.0,0.0,-99999.0
420034802002,0.0,-99999.0,0.0,-99999.0
420034802003,1.0,0.0,1.0,1.0
420034803001,0.0,-99999.0,0.0,-99999.0
420034803002,0.0,-99999.0,0.0,-99999.0
420034803003,0.0,-99999.0,0.0,-99999.0
420034803004,0.0,-99999.0,0.0,-99999.0
420034804001,0.0,-99999.0,1.0,0.0
420034804002,3.0,0.0,1.0,0.0
420034804003,0.0,-99999.0,0.0,-99999.0
420034804004,0.0,-99999.0,0.0,-99999.0
420034810001,0.0,-99999.0,0.0,-99999.0
420034810002,0.0,-99999.0,0.0,-99999.0
420034810003,0.0,-99999.0,0.0,-99999.0
420034810004,0.0,-99999.0,0.0,-99999.0
420034825001,0.0,-99999.0,0.0,-99999.0
420034838001,0.0,-99999.0,0.0,-99999.0
420034838002,5.0,4.0,3.0,2.0
420034838003,2.0,1.0,0.0,-99999.0
420034843001,0.0,-99999.0,1.0,1.0
420034843002,0.0,-99999.0,0.0,-99999.0
420034843003,0.0,-99999.0,1.0,1.0
420034845001,0.0,-99999.0,0.0,-99999.0
420034845002,0.0,-99999.0,1.0,0.0
420034845003,2.0,0.0,0.0,-99999.0
420034845004,0.0,-99999.0,0.0,-99999.0
420034846001,0.0,-99999.0,0.0,-99999.0
420034846002,0.0,-99999.0,0.0,-99999.0
420034846003,0.0,-99999.0,4.0,0.0
420034850001,0.0,-99999.0,0.0,-99999.0
420034867001,0.0,-99999.0,0.0,-99999.0
420034867002,2.0,0.0,0.0,-99999.0
420034868001,1.0,0.0,3.0,0.0
420034868002,0.0,-99999.0,0.0,-99999.0
420034869001,0.0,-99999.0,0.0,-99999.0
420034869002,0.0,-99999.0,1.0,0.0
420034869003,0.0,-99999.0,0.0,-99999.0
420034870001,0.0,-99999.0,0.0,-99999.0
420034870002,0.0,-99999.0,0.0,-99999.0
420034881001,1.0,0.0,0.0,-99999.0
420034881002,0.0,-99999.0,1.0,0.0
420034882001,0.0,-99999.0,0.0,-99999.0
420034882002,0.0,-99999.0,1.0,0.0
420034882003,0.0,-99999.0,0.0,-99999.0
420034883001,0.0,-99999.0,2.0,0.0
420034884001,0.0,-99999.0,0.0,-99999.0
420034884002,0.0,-99999.0,1.0,0.0
420034884003,0.0,-99999.0,0.0,-99999.0
420034884004,0.0,-99999.0,0.0,-99999.0
420034885001,1.0,0.0,0.0,-99999.0
420034885002,0.0,-99999.0,1.0,0.0
420034885003,0.0,-99999.0,0.0,-99999.0
420034886001,0.0,-99999.0,0.0,-99999.0
420034886002,0.0,-99999.0,2.0,0.0
420034886003,1.0,0.0,2.0,0.0
420034886004,0.0,-99999.0,1.0,0.0
420034890011,0.0,-99999.0,0.0,-99999.0
420034890012,0.0,-99999.0,0.0,-99999.0
420034890013,1.0,0.0,0.0,-99999.0
420034890021,0.0,-99999.0,0.0,-99999.0
420034890022,0.0,-99999.0,1.0,0.0
420034890023,0.0,-99999.0,1.0,0.0
420034890024,0.0,-99999.0,0.0,-99999.0
420034900021,0.0,-99999.0,0.0,-99999.0
420034900022,1.0,0.0,1.0,0.0
420034900023,0.0,-99999.0,0.0,-99999.0
420034900024,0.0,-99999.0,0.0,-99999.0
420034900025,0.0,-99999.0,1.0,0.0
420034900031,0.0,-99999.0,2.0,0.0
420034900032,1.0,0.0,1.0,0.0
420034900033,0.0,-99999.0,0.0,-99999.0
420034900041,0.0,-99999.0,0.0,-99999.0
420034900042,1.0,0.0,1.0,0.0
420034900043,0.0,-99999.0,0.0,-99999.0
420034911011,1.0,0.0,1.0,0.0
420034911012,1.0,0.0,2.0,0.0
420034912001,0.0,-99999.0,2.0,0.0
420034927001,0.0,-99999.0,0.0,-99999.0
420034927002,0.0,-99999.0,0.0,-99999.0
420034927003,0.0,-99999.0,0.0,-99999.0
420034928001,0.0,-99999.0,3.0,2.0
420034928002,0.0,-99999.0,0.0,-99999.0
420034929001,0.0,-99999.0,0.0,-99999.0
420034929002,0.0,-99999.0,0.0,-99999.0
420034940001,1.0,0.0,2.0,1.0
420034961011,2.0,0.0,2.0,0.0
420034961012,0.0,-99999.0,0.0,-99999.0
420034961021,0.0,-99999.0,1.0,0.0
420034961022,0.0,-99999.0,0.0,-99999.0
420034962001,0.0,-99999.0,0.0,-99999.0
420034962002,0.0,-99999.0,1.0,0.0
420034962003,0.0,-99999.0,1.0,0.0
420034962004,0.0,-99999.0,0.0,-99999.0
420034962005,0.0,-99999.0,0.0,-99999.0
420034970001,0.0,-99999.0,0.0,-99999.0
420034980001,0.0,-99999.0,1.0,0.0
420034980002,0.0,-99999.0,1.0,0.0
420034993001,0.0,-99999.0,0.0,-99999.0
420034993002,0.0,-99999.0,0.0,-99999.0
420034994001,0.0,-99999.0,0.0,-99999.0
420034994002,0.0,-99999.0,0.0,-99999.0
420034994003,0.0,-99999.0,0.0,-99999.0
420035003001,0.0,-99999.0,1.0,0.0
420035003002,0.0,-99999.0,0.0,-99999.0
420035003003,0.0,-99999.0,1.0,0.0
420035003004,0.0,-99999.0,0.0,-99999.0
420035010001,0.0,-99999.0,0.0,-99999.0
420035030021,0.0,-99999.0,0.0,-99999.0
420035030022,0.0,-99999.0,0.0,-99999.0
420035030023,1.0,0.0,0.0,-99999.0
420035030024,0.0,-99999.0,1.0,0.0
420035030025,0.0,-99999.0,2.0,0.0
420035041001,0.0,-99999.0,0.0,-99999.0
420035041002,0.0,-99999.0,0.0,-99999.0
420035041003,0.0,-99999.0,0.0,-99999.0
420035041004,0.0,-99999.0,0.0,-99999.0
420035041005,0.0,-99999.0,1.0,0.0
420035070001,0.0,-99999.0,0.0,-99999.0
420035070002,0.0,-99999.0,0.0,-99999.0
420035080001,0.0,-99999.0,0.0,-99999.0
420035080002,1.0,1.0,1.0,0.0
420035094001,0.0,-99999.0,0.0,-99999.0
420035094002,0.0,-99999.0,1.0,0.0
420035094003,0.0,-99999.0,0.0,-99999.0
420035094004,0.0,-99999.0,1.0,0.0
420035094005,1.0,1.0,1.0,1.0
420035100001,1.0,0.0,0.0,-99999.0
420035100002,0.0,-99999.0,0.0,-99999.0
420035120001,0.0,-99999.0,0.0,-99999.0
420035120002,1.0,0.0,0.0,-99999.0
420035128001,1.0,0.0,1.0,0.0
420035129001,0.0,-99999.0,0.0,-99999.0
420035129002,0.0,-99999.0,0.0,-99999.0
420035138001,0.0,-99999.0,0.0,-99999.0
420035138002,2.0,2.0,1.0,0.0
420035138003,0.0,-99999.0,0.0,-99999.0
420035140001,0.0,-99999.0,0.0,-99999.0
420035140002,0.0,-99999.0,1.0,1.0
420035151001,0.0,-99999.0,1.0,0.0
420035151002,3.0,1.0,1.0,1.0
420035151003,0.0,-99999.0,0.0,-99999.0
420035152001,0.0,-99999.0,0.0,-99999.0
420035152002,0.0,-99999.0,1.0,0.0
420035153001,1.0,0.0,1.0,1.0
420035153002,0.0,-99999.0,0.0,-99999.0
420035154011,0.0,-99999.0,0.0,-99999.0
420035154012,0.0,-99999.0,0.0,-99999.0
420035154013,0.0,-99999.0,0.0,-99999.0
420035161001,0.0,-99999.0,0.0,-99999.0
420035162001,2.0,0.0,1.0,0.0
420035162002,0.0,-99999.0,0.0,-99999.0
420035170001,0.0,-99999.0,0.0,-99999.0
420035170002,0.0,-99999.0,0.0,-99999.0
420035180011,1.0,0.0,0.0,-99999.0
420035180012,0.0,-99999.0,0.0,-99999.0
420035180013,0.0,-99999.0,2.0,0.0
420035190001,0.0,-99999.0,0.0,-99999.0
420035190002,0.0,-99999.0,3.0,0.0
420035190003,1.0,0.0,1.0,0.0
420035200011,1.0,0.0,1.0,0.0
420035200012,0.0,-99999.0,0.0,-99999.0
420035200021,0.0,-99999.0,1.0,0.0
420035200022,0.0,-99999.0,0.0,-99999.0
420035200023,0.0,-99999.0,0.0,-99999.0
420035211001,0.0,-99999.0,0.0,-99999.0
420035211002,0.0,-99999.0,0.0,-99999.0
420035211003,0.0,-99999.0,1.0,0.0
420035212001,1.0,0.0,2.0,0.0
420035212002,0.0,-99999.0,0.0,-99999.0
420035212003,0.0,-99999.0,0.0,-99999.0
420035213011,2.0,1.0,0.0,-99999.0
420035213012,1.0,0.0,3.0,1.0
420035213013,1.0,0.0,0.0,-99999.0
420035213014,0.0,-99999.0,0.0,-99999.0
420035213021,0.0,-99999.0,1.0,0.0
420035213022,0.0,-99999.0,0.0,-99999.0
420035213023,0.0,-99999.0,0.0,-99999.0
420035213024,0.0,-99999.0,0.0,-99999.0
420035214011,1.0,0.0,3.0,1.0
420035214012,0.0,-99999.0,0.0,-99999.0
420035214021,0.0,-99999.0,0.0,-99999.0
420035214022,0.0,-99999.0,1.0,0.0
420035214023,0.0,-99999.0,0.0,-99999.0
420035215001,1.0,0.0,1.0,0.0
420035215002,2.0,0.0,3.0,0.0
420035215003,2.0,0.0,1.0,0.0
420035220001,0.0,-99999.0,0.0,-99999.0
420035220002,0.0,-99999.0,0.0,-99999.0
420035220003,0.0,-99999.0,1.0,0.0
420035231001,1.0,0.0,0.0,-99999.0
420035231002,1.0,0.0,0.0,-99999.0
420035231003,0.0,-99999.0,0.0,-99999.0
420035231004,0.0,-99999.0,0.0,-99999.0
420035232001,4.0,0.0,1.0,0.0
420035232002,1.0,0.0,0.0,-99999.0
420035232003,0.0,-99999.0,0.0,-99999.0
420035232004,1.0,0.0,0.0,-99999.0
420035233001,1.0,0.0,0.0,-99999.0
420035233002,1.0,0.0,0.0,-99999.0
420035233003,0.0,-99999.0,0.0,-99999.0
420035233004,1.0,0.0,1.0,0.0
420035234001,1.0,0.0,0.0,-99999.0
420035234002,0.0,-99999.0,0.0,-99999.0
420035234003,0.0,-99999.0,0.0,-99999.0
420035234004,0.0,-99999.0,0.0,-99999.0
420035234005,0.0,-99999.0,0.0,-99999.0
420035234006,2.0,0.0,1.0,0.0
420035235011,0.0,-99999.0,0.0,-99999.0
420035235012,1.0,0.0,1.0,1.0
420035235013,0.0,-99999.0,1.0,0.0
420035235021,1.0,0.0,1.0,0.0
420035236001,0.0,-99999.0,0.0,-99999.0
420035236002,0.0,-99999.0,0.0,-99999.0
420035236003,1.0,0.0,1.0,0.0
420035237011,0.0,-99999.0,0.0,-99999.0
420035237012,0.0,-99999.0,0.0,-99999.0
420035237013,0.0,-99999.0,1.0,0.0
420035237014,1.0,0.0,0.0,-99999.0
420035237021,0.0,-99999.0,0.0,-99999.0
420035237022,2.0,0.0,1.0,0.0
420035237023,0.0,-99999.0,0.0,-99999.0
420035237024,0.0,-99999.0,0.0,-99999.0
420035238001,0.0,-99999.0,1.0,0.0
420035238002,3.0,0.0,1.0,0.0
420035238003,0.0,-99999.0,0.0,-99999.0
420035238004,0.0,-99999.0,0.0,-99999.0
420035240001,1.0,0.0,1.0,0.0
420035240002,1.0,0.0,0.0,-99999.0
420035240003,0.0,-99999.0,1.0,0.0
420035251001,0.0,-99999.0,0.0,-99999.0
420035252001,0.0,-99999.0,1.0,0.0
420035252002,0.0,-99999.0,0.0,-99999.0
420035253001,1.0,0.0,0.0,-99999.0
420035253002,0.0,-99999.0,3.0,0.0
420035261011,0.0,-99999.0,0.0,-99999.0
420035261012,0.0,-99999.0,1.0,1.0
420035261013,1.0,0.0,0.0,-99999.0
420035261014,0.0,-99999.0,0.0,-99999.0
420035261021,0.0,-99999.0,0.0,-99999.0
420035262011,0.0,-99999.0,0.0,-99999.0
420035262012,3.0,0.0,2.0,0.0
420035262021,0.0,-99999.0,2.0,0.0
420035262022,0.0,-99999.0,0.0,-99999.0
420035262023,0.0,-99999.0,0.0,-99999.0
420035263011,2.0,0.0,1.0,0.0
420035263012,1.0,0.0,0.0,-99999.0
420035263021,0.0,-99999.0,0.0,-99999.0
420035263022,0.0,-99999.0,2.0,0.0
420035263023,1.0,0.0,0.0,-99999.0
420035263024,1.0,0.0,0.0,-99999.0
420035509001,1.0,0.0,0.0,-99999.0
420035509002,0.0,-99999.0,0.0,-99999.0
420035512001,0.0,-99999.0,0.0,-99999.0
420035512002,1.0,0.0,0.0,-99999.0
420035512003,1.0,0.0,0.0,-99999.0
420035513001,0.0,-99999.0,3.0,2.0
420035513002,1.0,0.0,1.0,0.0
420035519001,0.0,-99999.0,0.0,-99999.0
420035519002,3.0,3.0,0.0,-99999.0
420035520001,0.0,-99999.0,0.0,-99999.0
420035520002,0.0,-99999.0,1.0,0.0
420035520003,0.0,-99999.0,0.0,-99999.0
420035520004,0.0,-99999.0,0.0,-99999.0
420035521001,0.0,-99999.0,1.0,0.0
420035521002,0.0,-99999.0,0.0,-99999.0
420035522001,0.0,-99999.0,0.0,-99999.0
420035523001,1.0,0.0,1.0,0.0
420035523002,0.0,-99999.0,0.0,-99999.0
420035523003,1.0,0.0,1.0,0.0
420035524001,0.0,-99999.0,0.0,-99999.0
420035524002,0.0,-99999.0,0.0,-99999.0
420035524003,0.0,-99999.0,0.0,-99999.0
420035604001,4.0,2.0,0.0,-99999.0
420035604002,0.0,-99999.0,0.0,-99999.0
420035605001,0.0,-99999.0,1.0,0.0
420035605002,0.0,-99999.0,0.0,-99999.0
420035606001,1.0,0.0,1.0,1.0
420035606002,0.0,-99999.0,1.0,0.0
420035610001,0.0,-99999.0,1.0,0.0
420035610002,0.0,-99999.0,0.0,-99999.0
420035611001,0.0,-99999.0,0.0,-99999.0
420035612001,0.0,-99999.0,0.0,-99999.0
420035612002,2.0,1.0,2.0,1.0
420035614001,0.0,-99999.0,0.0,-99999.0
420035614002,0.0,-99999.0,0.0,-99999.0
420035614003,0.0,-99999.0,1.0,0.0
420035614004,0.0,-99999.0,0.0,-99999.0
420035615001,0.0,-99999.0,0.0,-99999.0
420035615002,2.0,0.0,0.0,-99999.0
420035615003,0.0,-99999.0,0.0,-99999.0
420035616001,0.0,-99999.0,0.0,-99999.0
420035616002,0.0,-99999.0,0.0,-99999.0
420035616003,0.0,-99999.0,0.0,-99999.0
420035616004,0.0,-99999.0,2.0,0.0
420035617001,0.0,-99999.0,0.0,-99999.0
420035617002,0.0,-99999.0,2.0,0.0
420035619001,0.0,-99999.0,1.0,0.0
420035619002,1.0,0.0,0.0,-99999.0
420035620001,0.0,-99999.0,0.0,-99999.0
420035620002,0.0,-99999.0,0.0,-99999.0
420035620003,1.0,0.0,1.0,0.0
420035623001,0.0,-99999.0,0.0,-99999.0
420035623002,0.0,-99999.0,0.0,-99999.0
420035623003,0.0,-99999.0,1.0,0.0
420035623004,0.0,-99999.0,0.0,-99999.0
420035623005,0.0,-99999.0,0.0,-99999.0
420035623006,0.0,-99999.0,0.0,-99999.0
420035624001,0.0,-99999.0,1.0,0.0
420035624002,0.0,-99999.0,0.0,-99999.0
420035624003,0.0,-99999.0,0.0,-99999.0
420035624004,0.0,-99999.0,0.0,-99999.0
420035624005,0.0,-99999.0,0.0,-99999.0
420035625001,0.0,-99999.0,0.0,-99999.0
420035625002,0.0,-99999.0,0.0,-99999.0
420035625003,1.0,0.0,0.0,-99999.0
420035625004,0.0,-99999.0,2.0,0.0
420035626001,1.0,0.0,0.0,-99999.0
420035626002,2.0,0.0,1.0,0.0
420035626003,0.0,-99999.0,0.0,-99999.0
420035626004,0.0,-99999.0,0.0,-99999.0
420035627001,1.0,0.0,0.0,-99999.0
420035627002,0.0,-99999.0,5.0,3.0
420035628001,0.0,-99999.0,1.0,0.0
420035628002,0.0,-99999.0,0.0,-99999.0
420035629001,0.0,-99999.0,0.0,-99999.0
420035629002,0.0,-99999.0,2.0,0.0
420035629003,1.0,0.0,0.0,-99999.0
420035630001,0.0,-99999.0,0.0,-99999.0
420035630002,1.0,0.0,1.0,0.0
420035630003,0.0,-99999.0,0.0,-99999.0
420035630004,0.0,-99999.0,0.0,-99999.0
420035631001,1.0,0.0,0.0,-99999.0
420035631002,2.0,1.0,2.0,0.0
420035631003,0.0,-99999.0,0.0,-99999.0
420035632001,0.0,-99999.0,0.0,-99999.0
420035632002,1.0,1.0,0.0,-99999.0
420035632003,1.0,1.0,3.0,3.0
420035633001,0.0,-99999.0,0.0,-99999.0
420035633002,0.0,-99999.0,0.0,-99999.0
420035638001,1.0,0.0,0.0,-99999.0
420035638002,1.0,0.0,0.0,-99999.0
420035638003,0.0,-99999.0,0.0,-99999.0
420035638004,0.0,-99999.0,0.0,-99999.0
420035638005,0.0,-99999.0,1.0,0.0
420035638006,0.0,-99999.0,0.0,-99999.0
420035639001,0.0,-99999.0,0.0,-99999.0
420035639002,1.0,0.0,0.0,-99999.0
420035639003,0.0,-99999.0,0.0,-99999.0
420035639004,1.0,0.0,1.0,0.0
420035640002,0.0,-99999.0,0.0,-99999.0
420035640003,0.0,-99999.0,0.0,-99999.0
420035641001,1.0,0.0,0.0,-99999.0
420035641002,1.0,0.0,0.0,-99999.0
420035642001,0.0,-99999.0,0.0,-99999.0
420035642002,0.0,-99999.0,0.0,-99999.0
420035642003,0.0,-99999.0,0.0,-99999.0
420035644001,1.0,0.0,2.0,1.0
420035644002,0.0,-99999.0,1.0,0.0
420035644003,2.0,0.0,0.0,-99999.0
420035644004,0.0,-99999.0,0.0,-99999.0
420035644005,0.0,-99999.0,0.0,-99999.0
420035644006,0.0,-99999.0,0.0,-99999.0
420035644007,0.0,-99999.0,0.0,-99999.0
420035645001,0.0,-99999.0,0.0,-99999.0
420035645002,0.0,-99999.0,0.0,-99999.0
420035645003,0.0,-99999.0,0.0,-99999.0
420039800001,0.0,-99999.0,0.0,-99999.0
420039801001,0.0,-99999.0,0.0,-99999.0
420039803001,0.0,-99999.0,0.0,-99999.0
420039804001,0.0,-99999.0,0.0,-99999.0
420039805001,0.0,-99999.0,0.0,-99999.0
420039806001,0.0,-99999.0,0.0,-99999.0
420039807001,0.0,-99999.0,0.0,-99999.0
420039808001,0.0,-99999.0,0.0,-99999.0
420039809001,0.0,-99999.0,0.0,-99999.0
420039810001,0.0,-99999.0,0.0,-99999.0
420039811001,0.0,-99999.0,0.0,-99999.0
420039812001,0.0,-99999.0,0.0,-99999.0
420039818001,0.0,-99999.0,0.0,-99999.0
420039822001,0.0,-99999.0,2.0,2.0
